case_id,window_size,target_index_1_based,target,prediction,confidence,latency_ms,response_exists,valid_json,schema_valid,exact_match,absolute_error,relative_error,signed_error,prime_valid_prediction,parse_error,response_sha256,evaluation_sha256
CASE-W004-000001,4,1933035,31295239,0,0,,True,True,True,False,31295239,1.0,-31295239,False,,933236f6ca4e3f0fa11a61cade0013692d8964946c01de4feff8db829ca287e2,0d5b6d57759abd8667a18b3f4aa5a0fd4f9d2102f33464bd2afd87ff9c87d6cc
CASE-W004-000002,4,3893354,65951089,0,0,,True,True,True,False,65951089,1.0,-65951089,False,,933236f6ca4e3f0fa11a61cade0013692d8964946c01de4feff8db829ca287e2,25b5d3b77312bceedaa0af953c1dd5b26a0f10c31d48ccd90f006bdfbe7fe6dd
CASE-W004-000003,4,5207506,89827069,0,0,,True,True,True,False,89827069,1.0,-89827069,False,,933236f6ca4e3f0fa11a61cade0013692d8964946c01de4feff8db829ca287e2,1e1d328af42f04d4d5b99c202f4c1ee4c48570b0422fd2792bf5cd33343b1f18
CASE-W004-000004,4,7327230,129047603,0,0,,True,True,True,False,129047603,1.0,-129047603,False,,933236f6ca4e3f0fa11a61cade0013692d8964946c01de4feff8db829ca287e2,c7d06933beea707d66da55a9946cae263817d7b9dfad9b7f9a99aed4cec90bbb
CASE-W004-000005,4,7723014,136454221,0,0,,True,True,True,False,136454221,1.0,-136454221,False,,933236f6ca4e3f0fa11a61cade0013692d8964946c01de4feff8db829ca287e2,903c6d43239be02ecf91af35691e8f387d570493c21d57cd85046fcd6896cadb
CASE-W004-000006,4,10925574,197066483,0,0,,True,True,True,False,197066483,1.0,-197066483,False,,933236f6ca4e3f0fa11a61cade0013692d8964946c01de4feff8db829ca287e2,26df73244bad35c6397cccc1c7a0a6bd0b2ab39351fbfff85bbdbb5a7587c35b
CASE-W004-000007,4,11858775,214933507,0,0,,True,True,True,False,214933507,1.0,-214933507,False,,933236f6ca4e3f0fa11a61cade0013692d8964946c01de4feff8db829ca287e2,48e0f8baa9379613da745d559925191c4ef28eefc2c6bb64b6b41f015367001e
CASE-W004-000008,4,13027677,237419393,0,0,,True,True,True,False,237419393,1.0,-237419393,False,,933236f6ca4e3f0fa11a61cade0013692d8964946c01de4feff8db829ca287e2,7ee385e16442bb4cdd11b89cba0ae22f45af1dbe8f915351f5339a76dd4ecd64
CASE-W004-000009,4,15064339,276854839,0,0,,True,True,True,False,276854839,1.0,-276854839,False,,933236f6ca4e3f0fa11a61cade0013692d8964946c01de4feff8db829ca287e2,e73e95de0840c23232f33bfcb275e414e99f7585060a592675ac9a30300450ea
CASE-W004-000010,4,18167504,337502393,0,0,,True,True,True,False,337502393,1.0,-337502393,False,,933236f6ca4e3f0fa11a61cade0013692d8964946c01de4feff8db829ca287e2,85e824d65f174aecd53e2823f3d7578f17247308de93b6085b3173c92485bfd8
CASE-W004-000011,4,19224586,358290781,0,0,,True,True,True,False,358290781,1.0,-358290781,False,,933236f6ca4e3f0fa11a61cade0013692d8964946c01de4feff8db829ca287e2,4f293034d1e1a9340e310bedd3d638bf220dc919bde4f69d5a81aaaa51edaa85
CASE-W004-000012,4,20238195,378279217,0,0,,True,True,True,False,378279217,1.0,-378279217,False,,933236f6ca4e3f0fa11a61cade0013692d8964946c01de4feff8db829ca287e2,b78814fa9a94b5b6da053fee5daeff93e9eafa41147b7e2cf0a5e9688cf4aab1
CASE-W004-000013,4,22060792,414363493,0,0,,True,True,True,False,414363493,1.0,-414363493,False,,933236f6ca4e3f0fa11a61cade0013692d8964946c01de4feff8db829ca287e2,35718b8d3a0da93b7610ae58edc5c60353d29d127ad3c81cf533210483f1f1a9
CASE-W004-000014,4,22524557,423573041,0,0,,True,True,True,False,423573041,1.0,-423573041,False,,933236f6ca4e3f0fa11a61cade0013692d8964946c01de4feff8db829ca287e2,99f66cfcaa6f3562f5513cf69b512ed2b20af1ee70558bedf38c4b4b2688a5f7
CASE-W004-000015,4,23474149,442455197,0,0,,True,True,True,False,442455197,1.0,-442455197,False,,933236f6ca4e3f0fa11a61cade0013692d8964946c01de4feff8db829ca287e2,9e7db631c0d6d5208ad86521181e4ec879abcde15a6babe720cd2db9940ecbd4
CASE-W004-000016,4,23916939,451275079,0,0,,True,True,True,False,451275079,1.0,-451275079,False,,933236f6ca4e3f0fa11a61cade0013692d8964946c01de4feff8db829ca287e2,a1f44476e96f4aac4ad1442046b5aaf593d05267fdfa77a482cb1cdbf1a6c141
CASE-W004-000017,4,24212381,457161499,0,0,,True,True,True,False,457161499,1.0,-457161499,False,,933236f6ca4e3f0fa11a61cade0013692d8964946c01de4feff8db829ca287e2,f522db692f5e84b0f5380c2d5af96768761c3d16c068977d8898c51896433373
CASE-W004-000018,4,25831193,489496921,0,0,,True,True,True,False,489496921,1.0,-489496921,False,,933236f6ca4e3f0fa11a61cade0013692d8964946c01de4feff8db829ca287e2,3b38c74d549b931c9b82dac5b6942a5d5745bf8e3cc4ad63050a4430937ba182
CASE-W004-000019,4,26553471,503965037,0,0,,True,True,True,False,503965037,1.0,-503965037,False,,933236f6ca4e3f0fa11a61cade0013692d8964946c01de4feff8db829ca287e2,0421f12c3fe9144e793a028948064d827645853efea0b0c29f31ffe2bcc7f2f4
CASE-W004-000020,4,27461958,522197227,0,0,,True,True,True,False,522197227,1.0,-522197227,False,,933236f6ca4e3f0fa11a61cade0013692d8964946c01de4feff8db829ca287e2,26b393bc570f7d479448fd2936a01ddcb1fc2d4ec5db8ae695472cfc4080f1de
CASE-W004-000021,4,27630779,525586469,0,0,,True,True,True,False,525586469,1.0,-525586469,False,,933236f6ca4e3f0fa11a61cade0013692d8964946c01de4feff8db829ca287e2,17b7f958a0034a3835717fa86d8aeb7b9ac01b1a8d39d5335a24f12ba6638605
CASE-W004-000022,4,28951993,552141379,0,0,,True,True,True,False,552141379,1.0,-552141379,False,,933236f6ca4e3f0fa11a61cade0013692d8964946c01de4feff8db829ca287e2,1da7dee6852ac7c987856ac4647e2692a5d9e98645f7fabe0a7a003cc3e9509b
CASE-W004-000023,4,29259429,558330869,0,0,,True,True,True,False,558330869,1.0,-558330869,False,,933236f6ca4e3f0fa11a61cade0013692d8964946c01de4feff8db829ca287e2,7437cf00517b8316982ece3bf130a72660d118c1c6d4cdfa3086891fb1533c34
CASE-W004-000024,4,29926508,571779937,0,0,,True,True,True,False,571779937,1.0,-571779937,False,,933236f6ca4e3f0fa11a61cade0013692d8964946c01de4feff8db829ca287e2,f0823aaffbb5c9b526406514888fdf06b08ef2bba0aac49d972cb05f96e42c9f
CASE-W004-000025,4,31135715,596174437,0,0,,True,True,True,False,596174437,1.0,-596174437,False,,933236f6ca4e3f0fa11a61cade0013692d8964946c01de4feff8db829ca287e2,4e194ddb777984945dae9ed66f0d18bc50cedc557cf63246acca70c17426363d
CASE-W004-000026,4,31294803,599393231,0,0,,True,True,True,False,599393231,1.0,-599393231,False,,933236f6ca4e3f0fa11a61cade0013692d8964946c01de4feff8db829ca287e2,8a63351327b7b88cfd0778b8731f95c5e02b4b519834b52e52ad6fd60d02d150
CASE-W004-000027,4,32289353,619514081,0,0,,True,True,True,False,619514081,1.0,-619514081,False,,933236f6ca4e3f0fa11a61cade0013692d8964946c01de4feff8db829ca287e2,40a37daf9e9aaee58b8757d7d4042e7d1dcd35c6d73f625cd59aef7d9d884032
CASE-W004-000028,4,32499715,623775419,0,0,,True,True,True,False,623775419,1.0,-623775419,False,,933236f6ca4e3f0fa11a61cade0013692d8964946c01de4feff8db829ca287e2,44084ed507de153edf7711cb956bd9e0b55a196ebf8efee53ecaca7a51c53b01
CASE-W004-000029,4,32609076,625989769,0,0,,True,True,True,False,625989769,1.0,-625989769,False,,933236f6ca4e3f0fa11a61cade0013692d8964946c01de4feff8db829ca287e2,67d04d547cd91e5e7543774e5b14373d921a68153285f0b977be8f570d0e49e5
CASE-W004-000030,4,32900506,631889681,0,0,,True,True,True,False,631889681,1.0,-631889681,False,,933236f6ca4e3f0fa11a61cade0013692d8964946c01de4feff8db829ca287e2,90e0008fdf80f99a10de2da791dc4caaba2d13aa9eb58778aa99dcb9bc94b282
CASE-W004-000031,4,32914116,632165881,0,0,,True,True,True,False,632165881,1.0,-632165881,False,,933236f6ca4e3f0fa11a61cade0013692d8964946c01de4feff8db829ca287e2,e8910f8d556d68411c34f0269890bad3491c8e66bb23489e08cd8b883d728cf1
CASE-W004-000032,4,34471611,663762941,0,0,,True,True,True,False,663762941,1.0,-663762941,False,,933236f6ca4e3f0fa11a61cade0013692d8964946c01de4feff8db829ca287e2,27c66f8e06867fc44e9105f064c86a24f8715f8ee1de4783bbdf02d0cc65b8fe
CASE-W004-000033,4,35357410,681780149,0,0,,True,True,True,False,681780149,1.0,-681780149,False,,933236f6ca4e3f0fa11a61cade0013692d8964946c01de4feff8db829ca287e2,0f9143cd59e4fb3dddb97beb36429b4e647c9bd193510fbee6b650f6127e6875
CASE-W004-000034,4,35393115,682507193,0,0,,True,True,True,False,682507193,1.0,-682507193,False,,933236f6ca4e3f0fa11a61cade0013692d8964946c01de4feff8db829ca287e2,495b3d0cc61b7ee796d0afe8ac359ca6cae7e1d826fcadf45ff2d50216909eda
CASE-W004-000035,4,35405774,682765493,0,0,,True,True,True,False,682765493,1.0,-682765493,False,,933236f6ca4e3f0fa11a61cade0013692d8964946c01de4feff8db829ca287e2,a105ece95d0c2e4ed37cf42f4e2b5c6c1879674aa0605c32f00e80783414baff
CASE-W004-000036,4,36082281,696520337,0,0,,True,True,True,False,696520337,1.0,-696520337,False,,933236f6ca4e3f0fa11a61cade0013692d8964946c01de4feff8db829ca287e2,141e50497cf75bfe643ecbd79a62dd8f086482a0fa9205363f14d7d3d2d2d582
CASE-W004-000037,4,37451978,724439413,0,0,,True,True,True,False,724439413,1.0,-724439413,False,,933236f6ca4e3f0fa11a61cade0013692d8964946c01de4feff8db829ca287e2,9d6c42fb1f4f11e9933e457495b4070f9061d2656bce98b3269be2b731fe5cd3
CASE-W004-000038,4,38003859,735712051,0,0,,True,True,True,False,735712051,1.0,-735712051,False,,933236f6ca4e3f0fa11a61cade0013692d8964946c01de4feff8db829ca287e2,b15bfeee45cb0dbf1e8a9a4dc2830f8001631ce04f8c8f8faaf2c22e921daa41
CASE-W004-000039,4,38341279,742594627,0,0,,True,True,True,False,742594627,1.0,-742594627,False,,933236f6ca4e3f0fa11a61cade0013692d8964946c01de4feff8db829ca287e2,85a23abe0440f4dd4ca56a612ca692edb02f435f98912d320f1b296bd8d4e72f
CASE-W004-000040,4,38606679,748025557,0,0,,True,True,True,False,748025557,1.0,-748025557,False,,933236f6ca4e3f0fa11a61cade0013692d8964946c01de4feff8db829ca287e2,812dfa31eab70399be9444f2b1ac92c071dd581072163081bb5f55a74f6809cf
CASE-W004-000041,4,39138377,758901977,0,0,,True,True,True,False,758901977,1.0,-758901977,False,,933236f6ca4e3f0fa11a61cade0013692d8964946c01de4feff8db829ca287e2,af4b2b182eb3c12873370d67b40739ddb90f162cc01a3df29cff7eb3db91ab38
CASE-W004-000042,4,40241248,781466363,0,0,,True,True,True,False,781466363,1.0,-781466363,False,,933236f6ca4e3f0fa11a61cade0013692d8964946c01de4feff8db829ca287e2,7f080baf05f9c1998af1336321bb5e0326007df19bae01a9b801c9c5aa530110
CASE-W004-000043,4,43592454,850215967,0,0,,True,True,True,False,850215967,1.0,-850215967,False,,933236f6ca4e3f0fa11a61cade0013692d8964946c01de4feff8db829ca287e2,70dd6183e6bf1e8c0011b7c46a6c033ceb850e123007746c454f3fc3130b832e
CASE-W004-000044,4,45721062,894052541,0,0,,True,True,True,False,894052541,1.0,-894052541,False,,933236f6ca4e3f0fa11a61cade0013692d8964946c01de4feff8db829ca287e2,23c77e24e0abee55c2183333f3983eac5d62690c5c7642709c961150d84d7d23
CASE-W004-000045,4,47436775,929449379,0,0,,True,True,True,False,929449379,1.0,-929449379,False,,933236f6ca4e3f0fa11a61cade0013692d8964946c01de4feff8db829ca287e2,2df0aab68d6cc6dd15fd9fa07cc88e9197a217ea543a4f502a0db585c4d6e630
CASE-W004-000046,4,47724719,935391377,0,0,,True,True,True,False,935391377,1.0,-935391377,False,,933236f6ca4e3f0fa11a61cade0013692d8964946c01de4feff8db829ca287e2,6ad3f2e370b6a2a355a1fad8dc6f7705d59bc0b741484d9f9b9b71de7777920e
CASE-W004-000047,4,48502472,951471097,0,0,,True,True,True,False,951471097,1.0,-951471097,False,,933236f6ca4e3f0fa11a61cade0013692d8964946c01de4feff8db829ca287e2,28df0c7d485f80995e08d749522748679b932d028b45f9a977264ca2e8b9f66b
CASE-W004-000048,4,50241464,987446227,0,0,,True,True,True,False,987446227,1.0,-987446227,False,,933236f6ca4e3f0fa11a61cade0013692d8964946c01de4feff8db829ca287e2,e73dfa7fabaeeebc6c0c6abd9beb8fcb69fb9457911fccbfad59e87db695b4dd
CASE-W004-000049,4,51075749,1004732059,0,0,,True,True,True,False,1004732059,1.0,-1004732059,False,,933236f6ca4e3f0fa11a61cade0013692d8964946c01de4feff8db829ca287e2,b3b609dccd53af5db6c9835fb9490079d40ec9517a0b995c18fa8cbf8b0408ad
CASE-W004-000050,4,51355706,1010533553,0,0,,True,True,True,False,1010533553,1.0,-1010533553,False,,933236f6ca4e3f0fa11a61cade0013692d8964946c01de4feff8db829ca287e2,38b9d8fb26a5e5e21bed13a7fe4dd3c20b19bf683d7bd89aa2ce5845cab573d3
CASE-W004-000051,4,53318921,1051277113,0,0,,True,True,True,False,1051277113,1.0,-1051277113,False,,933236f6ca4e3f0fa11a61cade0013692d8964946c01de4feff8db829ca287e2,45f659afe1a43fdbaa56d5b9bfb3ef0f1ce94671430e8870142c0bed84844aff
CASE-W004-000052,4,55045291,1087159247,0,0,,True,True,True,False,1087159247,1.0,-1087159247,False,,933236f6ca4e3f0fa11a61cade0013692d8964946c01de4feff8db829ca287e2,7a5b5972d2fb48107db5cf8b2eba22308eb3ad7678dd0c6717aec58869be9d12
CASE-W004-000053,4,55239885,1091210833,0,0,,True,True,True,False,1091210833,1.0,-1091210833,False,,933236f6ca4e3f0fa11a61cade0013692d8964946c01de4feff8db829ca287e2,797af0071fd12d212af6605f92871f5be936cea5e913f0682b3eb390671ce765
CASE-W004-000054,4,55903247,1105011601,0,0,,True,True,True,False,1105011601,1.0,-1105011601,False,,933236f6ca4e3f0fa11a61cade0013692d8964946c01de4feff8db829ca287e2,89c6cb260387ba3e315c89b326b05fd00c1b46dfdf98dd853a153d31057d0b49
CASE-W004-000055,4,57168211,1131375319,0,0,,True,True,True,False,1131375319,1.0,-1131375319,False,,933236f6ca4e3f0fa11a61cade0013692d8964946c01de4feff8db829ca287e2,640a4e6d91ea8b3b87d9c35f84643dfe756d11be0bc458a32317d9f65013b460
CASE-W004-000056,4,58208029,1153076677,0,0,,True,True,True,False,1153076677,1.0,-1153076677,False,,933236f6ca4e3f0fa11a61cade0013692d8964946c01de4feff8db829ca287e2,5368a976eef58e6e0528fe6b2762adf9bae74ab497f4581d72c500904974402e
CASE-W004-000057,4,63819311,1270434103,0,0,,True,True,True,False,1270434103,1.0,-1270434103,False,,933236f6ca4e3f0fa11a61cade0013692d8964946c01de4feff8db829ca287e2,797ab2b8391f3a01927dd9f3ec4e7f4ff2d03990a0737f8058222d9356ecaf21
CASE-W004-000058,4,63897808,1272082891,0,0,,True,True,True,False,1272082891,1.0,-1272082891,False,,933236f6ca4e3f0fa11a61cade0013692d8964946c01de4feff8db829ca287e2,2c2714ae4d4a0a64f383647a0aa37d7407b91815ff4ead82e6358c6fc7335282
CASE-W004-000059,4,66175131,1319872637,0,0,,True,True,True,False,1319872637,1.0,-1319872637,False,,933236f6ca4e3f0fa11a61cade0013692d8964946c01de4feff8db829ca287e2,72dad695a45821c3d48f13d373d41d9a73cb5464e783862b4039a10f2127b9e5
CASE-W004-000060,4,67932555,1356791173,0,0,,True,True,True,False,1356791173,1.0,-1356791173,False,,933236f6ca4e3f0fa11a61cade0013692d8964946c01de4feff8db829ca287e2,94a9104071e57f8a56095a0d9816307d335beeb1ecee0e0f650266d78763955b
CASE-W004-000061,4,69515142,1390101421,0,0,,True,True,True,False,1390101421,1.0,-1390101421,False,,933236f6ca4e3f0fa11a61cade0013692d8964946c01de4feff8db829ca287e2,c65690f3e2f3d3cb1a39d26086375298a3253c1f15d922f4116efe3852545601
CASE-W004-000062,4,69715871,1394323943,0,0,,True,True,True,False,1394323943,1.0,-1394323943,False,,933236f6ca4e3f0fa11a61cade0013692d8964946c01de4feff8db829ca287e2,82e72b56ab051e74394e9ce390a431e78d05b3e72bc5eff06d5a4c97e1757cfd
CASE-W004-000063,4,72284703,1448467001,0,0,,True,True,True,False,1448467001,1.0,-1448467001,False,,933236f6ca4e3f0fa11a61cade0013692d8964946c01de4feff8db829ca287e2,5db11ecbd5dced4a0d075bdf699545e74eefa07a104b5d7a90985880d4a8f860
CASE-W004-000064,4,72451588,1451989289,0,0,,True,True,True,False,1451989289,1.0,-1451989289,False,,933236f6ca4e3f0fa11a61cade0013692d8964946c01de4feff8db829ca287e2,54f2fc5ecf5f424880a94d69d09b23335f28dd8ab4c0fbe8ae16073f141ad9c1
CASE-W004-000065,4,73352436,1471004659,0,0,,True,True,True,False,1471004659,1.0,-1471004659,False,,933236f6ca4e3f0fa11a61cade0013692d8964946c01de4feff8db829ca287e2,30aa450c718201579da5c63aa6e1de82038af97a3760f171d03f5859f189bc93
CASE-W004-000066,4,73926449,1483116113,0,0,,True,True,True,False,1483116113,1.0,-1483116113,False,,933236f6ca4e3f0fa11a61cade0013692d8964946c01de4feff8db829ca287e2,b65e6c76ce2a7e245d1cd0a1f22109c6f286cc3d7800f6f15ad54136f998c1d4
CASE-W004-000067,4,74330556,1491640763,0,0,,True,True,True,False,1491640763,1.0,-1491640763,False,,933236f6ca4e3f0fa11a61cade0013692d8964946c01de4feff8db829ca287e2,14a6a42057d7f4cff8d51fa483e7d0752c50bb8797154252170514326a6858c1
CASE-W004-000068,4,74556706,1496412493,0,0,,True,True,True,False,1496412493,1.0,-1496412493,False,,933236f6ca4e3f0fa11a61cade0013692d8964946c01de4feff8db829ca287e2,c0fed05912ad134421f65652babe8cb7587666f68559ce160bff9016cbc9fa78
CASE-W004-000069,4,75862687,1524018263,0,0,,True,True,True,False,1524018263,1.0,-1524018263,False,,933236f6ca4e3f0fa11a61cade0013692d8964946c01de4feff8db829ca287e2,4decb93496129f5e12f9ae4e88d7ac91228c0f7f04cd4f66c1cb3064002c478b
CASE-W004-000070,4,75919284,1525215529,0,0,,True,True,True,False,1525215529,1.0,-1525215529,False,,933236f6ca4e3f0fa11a61cade0013692d8964946c01de4feff8db829ca287e2,e62742aa919b36a1054fb49ab173a4512d55282e46f69d033a6333a070311d91
CASE-W004-000071,4,76440653,1536240857,0,0,,True,True,True,False,1536240857,1.0,-1536240857,False,,933236f6ca4e3f0fa11a61cade0013692d8964946c01de4feff8db829ca287e2,1fce439f747bb2bb560647766454bbaa126ed2e92763801667227225fcfd1c2c
CASE-W004-000072,4,77978224,1568787559,0,0,,True,True,True,False,1568787559,1.0,-1568787559,False,,933236f6ca4e3f0fa11a61cade0013692d8964946c01de4feff8db829ca287e2,e679e1882b0ae16edb3960e4bf225a5ec1f5e6d2d1241dcfb79b0d6f3a2b00cd
CASE-W004-000073,4,78713595,1584353149,0,0,,True,True,True,False,1584353149,1.0,-1584353149,False,,933236f6ca4e3f0fa11a61cade0013692d8964946c01de4feff8db829ca287e2,db5b4a70d4172b2e372878a1db0b4cdf04c92657ac46a2681a90e3ee8bbd678f
CASE-W004-000074,4,78794724,1586075471,0,0,,True,True,True,False,1586075471,1.0,-1586075471,False,,933236f6ca4e3f0fa11a61cade0013692d8964946c01de4feff8db829ca287e2,ba075c00840775efb5a34ed16a4a583677b36c7df90efe543d6ab0b7d969a0d2
CASE-W004-000075,4,78812051,1586443583,0,0,,True,True,True,False,1586443583,1.0,-1586443583,False,,933236f6ca4e3f0fa11a61cade0013692d8964946c01de4feff8db829ca287e2,74bb957b289c08a7d564ca24b9184dc14c25824bc93f9896538d8e4e1adee5db
CASE-W004-000076,4,80590181,1624139617,0,0,,True,True,True,False,1624139617,1.0,-1624139617,False,,933236f6ca4e3f0fa11a61cade0013692d8964946c01de4feff8db829ca287e2,ddd2f00dad67067ec94aa2448f5ba8ebba9d5e818fd97e80e0e314cd4a9087c6
CASE-W004-000077,4,81218104,1637447983,0,0,,True,True,True,False,1637447983,1.0,-1637447983,False,,933236f6ca4e3f0fa11a61cade0013692d8964946c01de4feff8db829ca287e2,6a110e7c356b5f27647db25ee4b01bdd1461eaf33d71b03c1a1774704221aaf5
CASE-W004-000078,4,81601973,1645599581,0,0,,True,True,True,False,1645599581,1.0,-1645599581,False,,933236f6ca4e3f0fa11a61cade0013692d8964946c01de4feff8db829ca287e2,f5c1abf62bc21d30e9b58da8bda08bda8f963353adb0155d0ccb4437d7cc0de3
CASE-W004-000079,4,81611828,1645807819,0,0,,True,True,True,False,1645807819,1.0,-1645807819,False,,933236f6ca4e3f0fa11a61cade0013692d8964946c01de4feff8db829ca287e2,28f87bf2708366ca39db1783a836d261cd743309e67884a4c78543c1a679aad8
CASE-W004-000080,4,82082742,1655812489,0,0,,True,True,True,False,1655812489,1.0,-1655812489,False,,933236f6ca4e3f0fa11a61cade0013692d8964946c01de4feff8db829ca287e2,3eb385bdf646e67b173cc155d83a5039c56cb61e230203d6f3f6a12de2319a14
CASE-W004-000081,4,82512319,1664936179,0,0,,True,True,True,False,1664936179,1.0,-1664936179,False,,933236f6ca4e3f0fa11a61cade0013692d8964946c01de4feff8db829ca287e2,086c2191d46e2c9698869c8c96662a81c64dc25adbd55f897fc79ea65940691e
CASE-W004-000082,4,84464743,1706408309,0,0,,True,True,True,False,1706408309,1.0,-1706408309,False,,933236f6ca4e3f0fa11a61cade0013692d8964946c01de4feff8db829ca287e2,6eda6f73be55ccab9563267df8da147c624ff770588acc04409c2e70bee0f198
CASE-W004-000083,4,84515917,1707493561,0,0,,True,True,True,False,1707493561,1.0,-1707493561,False,,933236f6ca4e3f0fa11a61cade0013692d8964946c01de4feff8db829ca287e2,f43e6d297cd4141cdd842705827e1e0fc8fb06fa35d8383222882d9e5945b96f
CASE-W004-000084,4,84871199,1715049691,0,0,,True,True,True,False,1715049691,1.0,-1715049691,False,,933236f6ca4e3f0fa11a61cade0013692d8964946c01de4feff8db829ca287e2,18b4dbcaef1f4ab9b5a4aec6cc4e1e579b2124ac67f477206448402abb6a9cdc
CASE-W004-000085,4,85058899,1719035543,0,0,,True,True,True,False,1719035543,1.0,-1719035543,False,,933236f6ca4e3f0fa11a61cade0013692d8964946c01de4feff8db829ca287e2,6037a529ac0dcecb82c25bb75aa59f3cb5c1a50b77ababb68e4e6666f554568a
CASE-W004-000086,4,87208098,1764772337,0,0,,True,True,True,False,1764772337,1.0,-1764772337,False,,933236f6ca4e3f0fa11a61cade0013692d8964946c01de4feff8db829ca287e2,6e55ea594b75cd5c8d0010aff9865e50d84438d6d76f4d4c786e1be35df6d393
CASE-W004-000087,4,87802976,1777444183,0,0,,True,True,True,False,1777444183,1.0,-1777444183,False,,933236f6ca4e3f0fa11a61cade0013692d8964946c01de4feff8db829ca287e2,102e15401111059c9595c96638aa020294bf18d499147e459f2dfb25a96049fd
CASE-W004-000088,4,89367786,1810771663,0,0,,True,True,True,False,1810771663,1.0,-1810771663,False,,933236f6ca4e3f0fa11a61cade0013692d8964946c01de4feff8db829ca287e2,fb9f53f2a069be2cdf7dd08e2acb18605c8cfee628f1ef239c81ccf85b7572d4
CASE-W004-000089,4,89697036,1817795843,0,0,,True,True,True,False,1817795843,1.0,-1817795843,False,,933236f6ca4e3f0fa11a61cade0013692d8964946c01de4feff8db829ca287e2,a3338b936acf8759b964d9b5bbbedd148038fb20397b4e25276831202a3606e0
CASE-W004-000090,4,90869180,1842801907,0,0,,True,True,True,False,1842801907,1.0,-1842801907,False,,933236f6ca4e3f0fa11a61cade0013692d8964946c01de4feff8db829ca287e2,beb170b25793579ffd29610086658141aacaa535dbeff422f2903f646c1215c5
CASE-W004-000091,4,91679805,1860102931,0,0,,True,True,True,False,1860102931,1.0,-1860102931,False,,933236f6ca4e3f0fa11a61cade0013692d8964946c01de4feff8db829ca287e2,af58e95644e6dc577c94fe0e108b69143daedbd9a517f2c2d227c772de284ead
CASE-W004-000092,4,92154892,1870250141,0,0,,True,True,True,False,1870250141,1.0,-1870250141,False,,933236f6ca4e3f0fa11a61cade0013692d8964946c01de4feff8db829ca287e2,e2fdf114d63f534b7e6770c13f1652df8d29a48e81278e3cd377b9880c3d439e
CASE-W004-000093,4,92936670,1886955373,0,0,,True,True,True,False,1886955373,1.0,-1886955373,False,,933236f6ca4e3f0fa11a61cade0013692d8964946c01de4feff8db829ca287e2,3e6d8ae4fc257b487dd55f814323b6f9b8fff9e020b67c8c40cc1f5731a8f0bc
CASE-W004-000094,4,93013923,1888599941,0,0,,True,True,True,False,1888599941,1.0,-1888599941,False,,933236f6ca4e3f0fa11a61cade0013692d8964946c01de4feff8db829ca287e2,f6eacc97948460c19061d069cdaf8910fa157e2da51c877129b50cd70dfd265a
CASE-W004-000095,4,94653942,1923648191,0,0,,True,True,True,False,1923648191,1.0,-1923648191,False,,933236f6ca4e3f0fa11a61cade0013692d8964946c01de4feff8db829ca287e2,b81bfbbc99e868a2f48611f0221f93490792f565765696c16a4916d7d3774e6a
CASE-W004-000096,4,96098668,1954538071,0,0,,True,True,True,False,1954538071,1.0,-1954538071,False,,933236f6ca4e3f0fa11a61cade0013692d8964946c01de4feff8db829ca287e2,9ef33ec5a7f2da69f4b49ce872dda1dd253d3f63138dc9655048cd750d5377d5
CASE-W004-000097,4,96115731,1954904801,0,0,,True,True,True,False,1954904801,1.0,-1954904801,False,,933236f6ca4e3f0fa11a61cade0013692d8964946c01de4feff8db829ca287e2,ad9d5c28b8f73a26cd25e93e087dce8e352197deba88442bbc0e964048cd5314
CASE-W004-000098,4,97370992,1981763359,0,0,,True,True,True,False,1981763359,1.0,-1981763359,False,,933236f6ca4e3f0fa11a61cade0013692d8964946c01de4feff8db829ca287e2,9d7bcf7937fc15bad74e79b2aa71c8683c054fc656e51269b8319c7ec4a4a508
CASE-W004-000099,4,97562164,1985859679,0,0,,True,True,True,False,1985859679,1.0,-1985859679,False,,933236f6ca4e3f0fa11a61cade0013692d8964946c01de4feff8db829ca287e2,5bb825f7ba8a125308fdb83b334344e89517ef0c667debf9251929300bff928c
CASE-W004-000100,4,99538549,2028183499,0,0,,True,True,True,False,2028183499,1.0,-2028183499,False,,933236f6ca4e3f0fa11a61cade0013692d8964946c01de4feff8db829ca287e2,4e46ded54582f8d3905cf76eb750d1db09f40d4431eb16bf2b95a1b162f562b4
CASE-W008-000001,8,334796,4789963,0,0,,True,True,True,False,4789963,1.0,-4789963,False,,933236f6ca4e3f0fa11a61cade0013692d8964946c01de4feff8db829ca287e2,f0a21bee89aee50d5e3d3948cf063223706d7331c1f425fbbf3e201718cebf19
CASE-W008-000002,8,1050096,16315217,0,0,,True,True,True,False,16315217,1.0,-16315217,False,,933236f6ca4e3f0fa11a61cade0013692d8964946c01de4feff8db829ca287e2,a31cbe956eb6cffb7fa7de5f6109d9331a20c3a3a56a1e51494da87d0d51deb7
CASE-W008-000003,8,3304839,55403263,0,0,,True,True,True,False,55403263,1.0,-55403263,False,,933236f6ca4e3f0fa11a61cade0013692d8964946c01de4feff8db829ca287e2,2f501940dbf9d980a7c3264ea382662c12509118e9c24c13f0699c533bebb96a
CASE-W008-000004,8,5910202,102739409,0,0,,True,True,True,False,102739409,1.0,-102739409,False,,933236f6ca4e3f0fa11a61cade0013692d8964946c01de4feff8db829ca287e2,f79a39c68dfc2ba752c02df4c39bfbd8c45202f9834be0520f3c4b5e96a6e9c1
CASE-W008-000005,8,6534520,114290413,0,0,,True,True,True,False,114290413,1.0,-114290413,False,,933236f6ca4e3f0fa11a61cade0013692d8964946c01de4feff8db829ca287e2,fd07a9d345003363de84fecbc94e7e1320e67e0edbf906f83ac2f1e0dede807b
CASE-W008-000006,8,7756674,137084093,0,0,,True,True,True,False,137084093,1.0,-137084093,False,,933236f6ca4e3f0fa11a61cade0013692d8964946c01de4feff8db829ca287e2,4d204919d6cf6da4d0ea27fbb70b4b27e527dce87c098513718d239aedda3c0c
CASE-W008-000007,8,8846697,157585007,0,0,,True,True,True,False,157585007,1.0,-157585007,False,,933236f6ca4e3f0fa11a61cade0013692d8964946c01de4feff8db829ca287e2,3467ecb3b98b31eb420c442026ca5831a863bd5748ea30749fd2cd1d0db7eb03
CASE-W008-000008,8,9360088,167293241,0,0,,True,True,True,False,167293241,1.0,-167293241,False,,933236f6ca4e3f0fa11a61cade0013692d8964946c01de4feff8db829ca287e2,9df8d06fcc256b52653f53f65b4a1d5603b1942e7d44baeea75531a1d72e7986
CASE-W008-000009,8,9869526,176948207,0,0,,True,True,True,False,176948207,1.0,-176948207,False,,933236f6ca4e3f0fa11a61cade0013692d8964946c01de4feff8db829ca287e2,8a4da6552ae94805b667a81b06846e8535235d1315f85672d48416224fa87dc7
CASE-W008-000010,8,10546098,189822491,0,0,,True,True,True,False,189822491,1.0,-189822491,False,,933236f6ca4e3f0fa11a61cade0013692d8964946c01de4feff8db829ca287e2,bfd6e0c81ed83dddd78e5e52af765a5e81767efa6c0bd84794a2c31ad81de387
CASE-W008-000011,8,10892055,196426319,0,0,,True,True,True,False,196426319,1.0,-196426319,False,,933236f6ca4e3f0fa11a61cade0013692d8964946c01de4feff8db829ca287e2,2ab5d31d666d85913a3c0830b62d0e26238c55a930e7d4ddae7e29b74f028c38
CASE-W008-000012,8,11889098,215513731,0,0,,True,True,True,False,215513731,1.0,-215513731,False,,933236f6ca4e3f0fa11a61cade0013692d8964946c01de4feff8db829ca287e2,1491dafa6b947ce8d23f773517f86c9eb4d23353f694dc692c2ea3fd4a1071dd
CASE-W008-000013,8,12024465,218114179,0,0,,True,True,True,False,218114179,1.0,-218114179,False,,933236f6ca4e3f0fa11a61cade0013692d8964946c01de4feff8db829ca287e2,f84c927ba274e6d9f60d5de9c93c19435b9e0aefb1983ad2850c2af496f65c56
CASE-W008-000014,8,12442547,226148891,0,0,,True,True,True,False,226148891,1.0,-226148891,False,,933236f6ca4e3f0fa11a61cade0013692d8964946c01de4feff8db829ca287e2,438b2e8bb592e5e408d4d7a1b39fdd2c87344a78bf6b528a6e7c0666bb5a9f7b
CASE-W008-000015,8,13846822,253241873,0,0,,True,True,True,False,253241873,1.0,-253241873,False,,933236f6ca4e3f0fa11a61cade0013692d8964946c01de4feff8db829ca287e2,d47a797dd4c7a37ad4ae703e29e4356ae00e03c134f91773155a45c77a06cb69
CASE-W008-000016,8,14414685,264241543,0,0,,True,True,True,False,264241543,1.0,-264241543,False,,933236f6ca4e3f0fa11a61cade0013692d8964946c01de4feff8db829ca287e2,8601db791bfc94656361fac6e9fa7237a7343191d676895870dccf92bde29faa
CASE-W008-000017,8,14635532,268526171,0,0,,True,True,True,False,268526171,1.0,-268526171,False,,933236f6ca4e3f0fa11a61cade0013692d8964946c01de4feff8db829ca287e2,02d64fb3f097c5a75edc78bce1cdc6c37f8950a03e3d831254786a8513d08e26
CASE-W008-000018,8,15060127,276773389,0,0,,True,True,True,False,276773389,1.0,-276773389,False,,933236f6ca4e3f0fa11a61cade0013692d8964946c01de4feff8db829ca287e2,cc77f739703f175da262b3c279d2df423a6cd1d59238ded4bb25450cd61da002
CASE-W008-000019,8,16686295,308471363,0,0,,True,True,True,False,308471363,1.0,-308471363,False,,933236f6ca4e3f0fa11a61cade0013692d8964946c01de4feff8db829ca287e2,c1f6425af445cea1030b7de6c0acdd6747b7f3b909e1305f2bf357dccfa5d5c7
CASE-W008-000020,8,19023017,354320243,0,0,,True,True,True,False,354320243,1.0,-354320243,False,,933236f6ca4e3f0fa11a61cade0013692d8964946c01de4feff8db829ca287e2,b0e92187e7332216970f66906bc25b376a2020bd82ef05ead12caf3cbb3bad72
CASE-W008-000021,8,20738421,388163599,0,0,,True,True,True,False,388163599,1.0,-388163599,False,,933236f6ca4e3f0fa11a61cade0013692d8964946c01de4feff8db829ca287e2,e49784c75979f1a98918361e663dcc553bcd5fa6ddeea27f14c0156b96b5f0bd
CASE-W008-000022,8,21409851,401460991,0,0,,True,True,True,False,401460991,1.0,-401460991,False,,933236f6ca4e3f0fa11a61cade0013692d8964946c01de4feff8db829ca287e2,c52d3f758dca6800d27f5a22119ba0396641d0a6795e787bb61134ee1d33dfc7
CASE-W008-000023,8,21924855,411666707,0,0,,True,True,True,False,411666707,1.0,-411666707,False,,933236f6ca4e3f0fa11a61cade0013692d8964946c01de4feff8db829ca287e2,cd9803877e0008a84a73f4b5d548a58a2c4965c392b0416ab62aaf9e4a219b77
CASE-W008-000024,8,22128027,415698259,0,0,,True,True,True,False,415698259,1.0,-415698259,False,,933236f6ca4e3f0fa11a61cade0013692d8964946c01de4feff8db829ca287e2,02d4ba6abc64574540d430b510aee50d8bd84b99100e01a87701444e4a18fbaa
CASE-W008-000025,8,22498110,423049667,0,0,,True,True,True,False,423049667,1.0,-423049667,False,,933236f6ca4e3f0fa11a61cade0013692d8964946c01de4feff8db829ca287e2,422c7607ecf947d3e16737a0c830bd05157b9060d76660d571b951e6b1996805
CASE-W008-000026,8,23236215,437724187,0,0,,True,True,True,False,437724187,1.0,-437724187,False,,933236f6ca4e3f0fa11a61cade0013692d8964946c01de4feff8db829ca287e2,a0a7897ffe513f98b43bc0bbc9fd4e1cced7341a50f1f7f6a1f4757eef07a1d0
CASE-W008-000027,8,24901965,470922211,0,0,,True,True,True,False,470922211,1.0,-470922211,False,,933236f6ca4e3f0fa11a61cade0013692d8964946c01de4feff8db829ca287e2,db79af2847c536a31f364ebde5648cd6af5a94b27fb2e5c0361c51e24f3ddb1c
CASE-W008-000028,8,26883842,510594407,0,0,,True,True,True,False,510594407,1.0,-510594407,False,,933236f6ca4e3f0fa11a61cade0013692d8964946c01de4feff8db829ca287e2,29aae5086c5a938598990b68845d9601ad9cdc11994e87b748f9975f850b4669
CASE-W008-000029,8,27482185,522603469,0,0,,True,True,True,False,522603469,1.0,-522603469,False,,933236f6ca4e3f0fa11a61cade0013692d8964946c01de4feff8db829ca287e2,c2aba355ea37cc032c9c50b020dae96fbd979bcda40b8da7d95ffc7f7e19a1e1
CASE-W008-000030,8,28422123,541483487,0,0,,True,True,True,False,541483487,1.0,-541483487,False,,933236f6ca4e3f0fa11a61cade0013692d8964946c01de4feff8db829ca287e2,f746e0fc1278dda73b711a7fe9b506bacb8778d672e0691ede01d0b61d9b68bf
CASE-W008-000031,8,29198207,557100959,0,0,,True,True,True,False,557100959,1.0,-557100959,False,,933236f6ca4e3f0fa11a61cade0013692d8964946c01de4feff8db829ca287e2,cbde0a5634ace821b7a8f2c0f0a4de4e0588f0b7d8805f4329c6fa00e8b1b593
CASE-W008-000032,8,29361201,560382791,0,0,,True,True,True,False,560382791,1.0,-560382791,False,,933236f6ca4e3f0fa11a61cade0013692d8964946c01de4feff8db829ca287e2,525bc0a697c213873f6969d1199e8462bdd4af2f969405e95a91114993734d67
CASE-W008-000033,8,29523066,563644117,0,0,,True,True,True,False,563644117,1.0,-563644117,False,,933236f6ca4e3f0fa11a61cade0013692d8964946c01de4feff8db829ca287e2,cebc2f9c06ced70537888aafa758980d94e4364f2b321a3945c8d8b17baa9fb0
CASE-W008-000034,8,29688544,566980529,0,0,,True,True,True,False,566980529,1.0,-566980529,False,,933236f6ca4e3f0fa11a61cade0013692d8964946c01de4feff8db829ca287e2,fe92f226056293f8cf81a6ec634ad7aa8fab09877603b1813b36801be501f9b4
CASE-W008-000035,8,32805326,629960843,0,0,,True,True,True,False,629960843,1.0,-629960843,False,,933236f6ca4e3f0fa11a61cade0013692d8964946c01de4feff8db829ca287e2,0d160a82a45aff9c381c72a9517ccc72d42a191ac3cafcb21105f97cd3ad2c77
CASE-W008-000036,8,33669437,647484839,0,0,,True,True,True,False,647484839,1.0,-647484839,False,,933236f6ca4e3f0fa11a61cade0013692d8964946c01de4feff8db829ca287e2,67bfe06f137e857475b55b3adb47e6951b13cb6be4ab9e60c84c0c72187698c2
CASE-W008-000037,8,34048941,655186381,0,0,,True,True,True,False,655186381,1.0,-655186381,False,,933236f6ca4e3f0fa11a61cade0013692d8964946c01de4feff8db829ca287e2,c795b9b2a85959dab3ec4cf9b20818a90fab00c254899ff95f59aac49aa23d3b
CASE-W008-000038,8,34344447,661181077,0,0,,True,True,True,False,661181077,1.0,-661181077,False,,933236f6ca4e3f0fa11a61cade0013692d8964946c01de4feff8db829ca287e2,cc973a18517c17002618fc7980409ed7f90a04f90991143106f9c7fccd7c749f
CASE-W008-000039,8,35752531,689811923,0,0,,True,True,True,False,689811923,1.0,-689811923,False,,933236f6ca4e3f0fa11a61cade0013692d8964946c01de4feff8db829ca287e2,02146741ec566e141160239c50c6ab38f2e4a071b7f3720502f075fd3978bfa9
CASE-W008-000040,8,35935401,693537539,0,0,,True,True,True,False,693537539,1.0,-693537539,False,,933236f6ca4e3f0fa11a61cade0013692d8964946c01de4feff8db829ca287e2,3603bcd1e0ec76fdf812351acc10f4df4d6579666fec94fad87a715b17e58354
CASE-W008-000041,8,36412587,703250071,0,0,,True,True,True,False,703250071,1.0,-703250071,False,,933236f6ca4e3f0fa11a61cade0013692d8964946c01de4feff8db829ca287e2,f40d96786a4d95b8b49b93a88f6159260fb463afa789bb4f6c16c0e807545327
CASE-W008-000042,8,37628799,728047241,0,0,,True,True,True,False,728047241,1.0,-728047241,False,,933236f6ca4e3f0fa11a61cade0013692d8964946c01de4feff8db829ca287e2,3a025efafea1f2cdddf5458188cd57d1a2aae678de50e14376538457f4c7d102
CASE-W008-000043,8,37931875,734241751,0,0,,True,True,True,False,734241751,1.0,-734241751,False,,933236f6ca4e3f0fa11a61cade0013692d8964946c01de4feff8db829ca287e2,50fc64943cc791842155477996c3d5a24bf976bf067b36dea37f898a399ee4d1
CASE-W008-000044,8,38363257,743044903,0,0,,True,True,True,False,743044903,1.0,-743044903,False,,933236f6ca4e3f0fa11a61cade0013692d8964946c01de4feff8db829ca287e2,dd5e059cf628849b1bb54417a19e20da774c0d8eb8efe86c8b0919e1a3b03a48
CASE-W008-000045,8,40603336,788879573,0,0,,True,True,True,False,788879573,1.0,-788879573,False,,933236f6ca4e3f0fa11a61cade0013692d8964946c01de4feff8db829ca287e2,423211414e4411f0890b85ae9f1aa1bc5a3fc51b3c6b0c764bb922635855b7ec
CASE-W008-000046,8,41464217,806514691,0,0,,True,True,True,False,806514691,1.0,-806514691,False,,933236f6ca4e3f0fa11a61cade0013692d8964946c01de4feff8db829ca287e2,f64ca1e59d88e6963a4b5a4c065c95afd4e585e9f9d031b505883315aa47fdd2
CASE-W008-000047,8,41999116,817486013,0,0,,True,True,True,False,817486013,1.0,-817486013,False,,933236f6ca4e3f0fa11a61cade0013692d8964946c01de4feff8db829ca287e2,9dd9de895c9a7037b223cc24bfd246a72663d25570f88fced4506d77b8d6d34a
CASE-W008-000048,8,42470390,827166167,0,0,,True,True,True,False,827166167,1.0,-827166167,False,,933236f6ca4e3f0fa11a61cade0013692d8964946c01de4feff8db829ca287e2,c7603c585852ab44e3564cb89c2c98157eb32be72266db8c6b8d98e8b8e9cf8b
CASE-W008-000049,8,42894704,835878467,0,0,,True,True,True,False,835878467,1.0,-835878467,False,,933236f6ca4e3f0fa11a61cade0013692d8964946c01de4feff8db829ca287e2,4fd0dc1f90bee38349393c7b8aa3b389e58450d8308ab29567adf87eb54e4803
CASE-W008-000050,8,42927574,836554757,0,0,,True,True,True,False,836554757,1.0,-836554757,False,,933236f6ca4e3f0fa11a61cade0013692d8964946c01de4feff8db829ca287e2,25e15bf13c13c1b53ed97c0014cd9bda37caadbdb0484ff1c1701384db0d1efa
CASE-W008-000051,8,44379798,866420693,0,0,,True,True,True,False,866420693,1.0,-866420693,False,,933236f6ca4e3f0fa11a61cade0013692d8964946c01de4feff8db829ca287e2,afceb4544d8b83fdb145f92c9ce61ff22459ab2a4f43dad566816257cbd1deb5
CASE-W008-000052,8,45557600,890682281,0,0,,True,True,True,False,890682281,1.0,-890682281,False,,933236f6ca4e3f0fa11a61cade0013692d8964946c01de4feff8db829ca287e2,bac0178adde0fdac13e5572af4417174a7809a2eed034899c06459dbab3e0ea2
CASE-W008-000053,8,46006709,899949571,0,0,,True,True,True,False,899949571,1.0,-899949571,False,,933236f6ca4e3f0fa11a61cade0013692d8964946c01de4feff8db829ca287e2,964b134cca079732098ad6c71d307fcae467e838553066e34393829edce1d1b0
CASE-W008-000054,8,48086153,942866159,0,0,,True,True,True,False,942866159,1.0,-942866159,False,,933236f6ca4e3f0fa11a61cade0013692d8964946c01de4feff8db829ca287e2,c88ca38891f5b2027d041003f5d0de021aafc03701197069499a376399a1cd32
CASE-W008-000055,8,48852141,958695233,0,0,,True,True,True,False,958695233,1.0,-958695233,False,,933236f6ca4e3f0fa11a61cade0013692d8964946c01de4feff8db829ca287e2,bf632a58bca4808d61dcff08ffca394990047fca0f47e2a9bf8dc33333aaf874
CASE-W008-000056,8,48924176,960182387,0,0,,True,True,True,False,960182387,1.0,-960182387,False,,933236f6ca4e3f0fa11a61cade0013692d8964946c01de4feff8db829ca287e2,e0e99208cf860cd5cf38e2a3e3cdf65207b6992620d983e91c87e80468aa557c
CASE-W008-000057,8,49882927,980027077,0,0,,True,True,True,False,980027077,1.0,-980027077,False,,933236f6ca4e3f0fa11a61cade0013692d8964946c01de4feff8db829ca287e2,4cc5f35ebca322e79edf9c38c6725a8af3d71686e5b5bbfda00aeb1f6a5d8217
CASE-W008-000058,8,50359239,989885947,0,0,,True,True,True,False,989885947,1.0,-989885947,False,,933236f6ca4e3f0fa11a61cade0013692d8964946c01de4feff8db829ca287e2,c1ae68ef8c1ee0ba46166a23d327d50b9818c29264138de5454ecf3b323fb1dd
CASE-W008-000059,8,50767813,998346383,0,0,,True,True,True,False,998346383,1.0,-998346383,False,,933236f6ca4e3f0fa11a61cade0013692d8964946c01de4feff8db829ca287e2,bb76f7e4607d24b3445c626e5169be3387426eda7674267a88842b824e34cfa7
CASE-W008-000060,8,50847458,999998501,0,0,,True,True,True,False,999998501,1.0,-999998501,False,,933236f6ca4e3f0fa11a61cade0013692d8964946c01de4feff8db829ca287e2,074d11cb184bb96dcc1dab1565c8010679e197174a6a0afa8784a072382fd532
CASE-W008-000061,8,51063438,1004477387,0,0,,True,True,True,False,1004477387,1.0,-1004477387,False,,933236f6ca4e3f0fa11a61cade0013692d8964946c01de4feff8db829ca287e2,5c50cbfb3cebb6d7e7abf1ba443e6fe5451b5ead2be4ff3ec19b6b5ce9455aea
CASE-W008-000062,8,51275719,1008876809,0,0,,True,True,True,False,1008876809,1.0,-1008876809,False,,933236f6ca4e3f0fa11a61cade0013692d8964946c01de4feff8db829ca287e2,97043c609d7528e1ee91da6c68d511dcfd90c948446b8d1627a82ee3813ac9d7
CASE-W008-000063,8,53265112,1050161191,0,0,,True,True,True,False,1050161191,1.0,-1050161191,False,,933236f6ca4e3f0fa11a61cade0013692d8964946c01de4feff8db829ca287e2,6a968b48204c0643b7a0de8c38100abb02990d5fbc08f09bdf4824c140bfccb1
CASE-W008-000064,8,53701272,1059224857,0,0,,True,True,True,False,1059224857,1.0,-1059224857,False,,933236f6ca4e3f0fa11a61cade0013692d8964946c01de4feff8db829ca287e2,7dcbca1fef22169dff8a3c2b6cb586ef16d9563d0360d65f8c43742fa80e2c91
CASE-W008-000065,8,53823626,1061771761,0,0,,True,True,True,False,1061771761,1.0,-1061771761,False,,933236f6ca4e3f0fa11a61cade0013692d8964946c01de4feff8db829ca287e2,4ac9f74c0f646275113c48c8af2bbdcb4590404c4164eccc2dbb0b079777833f
CASE-W008-000066,8,54446131,1074699607,0,0,,True,True,True,False,1074699607,1.0,-1074699607,False,,933236f6ca4e3f0fa11a61cade0013692d8964946c01de4feff8db829ca287e2,28048f25513a12b9a02be0c30fb5e721473a81aed4e8611fa0bae396088fdd15
CASE-W008-000067,8,57150027,1130996597,0,0,,True,True,True,False,1130996597,1.0,-1130996597,False,,933236f6ca4e3f0fa11a61cade0013692d8964946c01de4feff8db829ca287e2,edf87db4ce114ed2de344cbcdb40dfc5a9040263bb83827d1d757a7e0573b727
CASE-W008-000068,8,60706737,1205277677,0,0,,True,True,True,False,1205277677,1.0,-1205277677,False,,933236f6ca4e3f0fa11a61cade0013692d8964946c01de4feff8db829ca287e2,5a4db6ffef7df718a4bdf7d78f9c9049c415d67826c83773d428d829fca98570
CASE-W008-000069,8,61506383,1221996197,0,0,,True,True,True,False,1221996197,1.0,-1221996197,False,,933236f6ca4e3f0fa11a61cade0013692d8964946c01de4feff8db829ca287e2,5a909242433e19bdc99da5c0ca3020b106792add7c3a8953e2cd2053e528a989
CASE-W008-000070,8,61690982,1225861213,0,0,,True,True,True,False,1225861213,1.0,-1225861213,False,,933236f6ca4e3f0fa11a61cade0013692d8964946c01de4feff8db829ca287e2,2018037e26c3e5cbe16dcf3243521fe4bb4506e64f41558a95b83d4f309c59d5
CASE-W008-000071,8,62449961,1241759053,0,0,,True,True,True,False,1241759053,1.0,-1241759053,False,,933236f6ca4e3f0fa11a61cade0013692d8964946c01de4feff8db829ca287e2,5b1f29222d320c67105d9df4eaacda94e1fb9315bd40fa92f2ae514111e89fd4
CASE-W008-000072,8,66067132,1317603647,0,0,,True,True,True,False,1317603647,1.0,-1317603647,False,,933236f6ca4e3f0fa11a61cade0013692d8964946c01de4feff8db829ca287e2,905c59eb1ee4fcf99e4644f305c84149c375a560bcc91c3e39029bc6d8843e9a
CASE-W008-000073,8,68600278,1370834233,0,0,,True,True,True,False,1370834233,1.0,-1370834233,False,,933236f6ca4e3f0fa11a61cade0013692d8964946c01de4feff8db829ca287e2,25a6d56d36a6c1265c92e5618e8796a60a65653fbecc96eedcf64b85246477b7
CASE-W008-000074,8,68771458,1374437489,0,0,,True,True,True,False,1374437489,1.0,-1374437489,False,,933236f6ca4e3f0fa11a61cade0013692d8964946c01de4feff8db829ca287e2,1d377c337d65456ee949e569f6f251459bd407f9af8b4ff81fe58761599a8c8d
CASE-W008-000075,8,69424473,1388192821,0,0,,True,True,True,False,1388192821,1.0,-1388192821,False,,933236f6ca4e3f0fa11a61cade0013692d8964946c01de4feff8db829ca287e2,86d1c5b699888f6ebec6f68f5538c030b4d04e3b73df84e55c6a95f09ad6c72b
CASE-W008-000076,8,69528048,1390370503,0,0,,True,True,True,False,1390370503,1.0,-1390370503,False,,933236f6ca4e3f0fa11a61cade0013692d8964946c01de4feff8db829ca287e2,5339ca42799784234398a2af8286ce834b4d5a024e59cdceb2b0fdd13328de18
CASE-W008-000077,8,71251260,1426675681,0,0,,True,True,True,False,1426675681,1.0,-1426675681,False,,933236f6ca4e3f0fa11a61cade0013692d8964946c01de4feff8db829ca287e2,bb3596f8653d98d8c3051a68433d9cb3224eb0f8635809152f17aad653a86144
CASE-W008-000078,8,75530255,1516990669,0,0,,True,True,True,False,1516990669,1.0,-1516990669,False,,933236f6ca4e3f0fa11a61cade0013692d8964946c01de4feff8db829ca287e2,66f0399f76e564da55d446ce77e097aff977dfd019347acd13f76ca66ed563e3
CASE-W008-000079,8,75990431,1526719393,0,0,,True,True,True,False,1526719393,1.0,-1526719393,False,,933236f6ca4e3f0fa11a61cade0013692d8964946c01de4feff8db829ca287e2,11f9a98e593dc39e02a4e4a85819d162a64521a987559a39f9d5f773cd841766
CASE-W008-000080,8,78358486,1576840943,0,0,,True,True,True,False,1576840943,1.0,-1576840943,False,,933236f6ca4e3f0fa11a61cade0013692d8964946c01de4feff8db829ca287e2,07d56b3e6d098f5b6f5060710cb773915989ecaaca9b9f7fb16b2865aa8ae04a
CASE-W008-000081,8,78591856,1581775879,0,0,,True,True,True,False,1581775879,1.0,-1581775879,False,,933236f6ca4e3f0fa11a61cade0013692d8964946c01de4feff8db829ca287e2,39dd090ae51e0846fb80d6d3ae7aac00d46fc4e0419eae4075b8357e785ac518
CASE-W008-000082,8,79703547,1605332951,0,0,,True,True,True,False,1605332951,1.0,-1605332951,False,,933236f6ca4e3f0fa11a61cade0013692d8964946c01de4feff8db829ca287e2,3c2cb388be367f9c416fc4e166e4655b789d4adf1c9afc2de159e81d914ebe7b
CASE-W008-000083,8,80242506,1616764367,0,0,,True,True,True,False,1616764367,1.0,-1616764367,False,,933236f6ca4e3f0fa11a61cade0013692d8964946c01de4feff8db829ca287e2,162726aec1710bf09d8291721f37e9aa26c40c1ccab89d3bf1fcbd7b03c86a70
CASE-W008-000084,8,80272212,1617393353,0,0,,True,True,True,False,1617393353,1.0,-1617393353,False,,933236f6ca4e3f0fa11a61cade0013692d8964946c01de4feff8db829ca287e2,8a748e6153170c289349f00776f60e2c32936181b6b6f61b52a8f2c45dd949d5
CASE-W008-000085,8,83379333,1683349541,0,0,,True,True,True,False,1683349541,1.0,-1683349541,False,,933236f6ca4e3f0fa11a61cade0013692d8964946c01de4feff8db829ca287e2,272b8bfa1d519220dd25263c0f839ed07eeeddfb1a0f189e9da3b56308084211
CASE-W008-000086,8,83457374,1685002967,0,0,,True,True,True,False,1685002967,1.0,-1685002967,False,,933236f6ca4e3f0fa11a61cade0013692d8964946c01de4feff8db829ca287e2,8e8f1300b6214ad5ef24447475dcd0e203f10793205a6185a9db2ca1214441eb
CASE-W008-000087,8,83571942,1687437013,0,0,,True,True,True,False,1687437013,1.0,-1687437013,False,,933236f6ca4e3f0fa11a61cade0013692d8964946c01de4feff8db829ca287e2,209b5ed38f36c889c1fdc1f60628b142f852b28d391082300ad8d6b7f72f0cc2
CASE-W008-000088,8,84142458,1699562357,0,0,,True,True,True,False,1699562357,1.0,-1699562357,False,,933236f6ca4e3f0fa11a61cade0013692d8964946c01de4feff8db829ca287e2,cc7199114f72942aab2c12e2813a4e06b55d5e37e094351bed19de64e6c68476
CASE-W008-000089,8,85454269,1727443351,0,0,,True,True,True,False,1727443351,1.0,-1727443351,False,,933236f6ca4e3f0fa11a61cade0013692d8964946c01de4feff8db829ca287e2,e44659b7a2151d7fe9e470a6d8050b2fd19b1cafa544813dd37b8cd2a66be0f4
CASE-W008-000090,8,85937065,1737724531,0,0,,True,True,True,False,1737724531,1.0,-1737724531,False,,933236f6ca4e3f0fa11a61cade0013692d8964946c01de4feff8db829ca287e2,323f31ad83b5e418ee673c446505799b449c9ba0d97819270dc4003a99c5fa14
CASE-W008-000091,8,86026629,1739629921,0,0,,True,True,True,False,1739629921,1.0,-1739629921,False,,933236f6ca4e3f0fa11a61cade0013692d8964946c01de4feff8db829ca287e2,d8836a65ffeae5dc2def40ff8718c5a07de691aa2a59d93fe08d430cd027e5c9
CASE-W008-000092,8,87220695,1765040653,0,0,,True,True,True,False,1765040653,1.0,-1765040653,False,,933236f6ca4e3f0fa11a61cade0013692d8964946c01de4feff8db829ca287e2,0a4f3f963918eac03725f0d25ea9f10557ea6e3d1368ee498bfcee753f6efc02
CASE-W008-000093,8,88628057,1795012619,0,0,,True,True,True,False,1795012619,1.0,-1795012619,False,,933236f6ca4e3f0fa11a61cade0013692d8964946c01de4feff8db829ca287e2,35ca43952ade7a7f77f2dfb41f7048de184e1a90275fd5fb0382f0b1d1e99b20
CASE-W008-000094,8,89732817,1818560761,0,0,,True,True,True,False,1818560761,1.0,-1818560761,False,,933236f6ca4e3f0fa11a61cade0013692d8964946c01de4feff8db829ca287e2,c30453e1c5656e7e0cc1c1fb1d49f8ce6ef6fad6b04862f9be39749c715a9cd6
CASE-W008-000095,8,92402046,1875528097,0,0,,True,True,True,False,1875528097,1.0,-1875528097,False,,933236f6ca4e3f0fa11a61cade0013692d8964946c01de4feff8db829ca287e2,fdaf007a17131805258364250698b2bb76cdc44e73add7dbc13dd42e4d576c38
CASE-W008-000096,8,93885308,1907211989,0,0,,True,True,True,False,1907211989,1.0,-1907211989,False,,933236f6ca4e3f0fa11a61cade0013692d8964946c01de4feff8db829ca287e2,a06fcb5bdb457ea6f38027140ac467d683325435aa6600b7aac2dd408085a8df
CASE-W008-000097,8,95704336,1946111429,0,0,,True,True,True,False,1946111429,1.0,-1946111429,False,,933236f6ca4e3f0fa11a61cade0013692d8964946c01de4feff8db829ca287e2,d5aebf2f1e1fb9b8822bb0375bbdb309a8f290eda010741f3b1c7fbd57c768ae
CASE-W008-000098,8,97303879,1980328699,0,0,,True,True,True,False,1980328699,1.0,-1980328699,False,,933236f6ca4e3f0fa11a61cade0013692d8964946c01de4feff8db829ca287e2,54fe147beb8f39d6d53893a3b32440c9866b4efd8c1403ba8de898515ae9342b
CASE-W008-000099,8,97697373,1988753147,0,0,,True,True,True,False,1988753147,1.0,-1988753147,False,,933236f6ca4e3f0fa11a61cade0013692d8964946c01de4feff8db829ca287e2,c9c48ac2a72cd7922579230cc948875a1f53e04ad9533eec4361e16a281d8003
CASE-W008-000100,8,98252876,2000653069,0,0,,True,True,True,False,2000653069,1.0,-2000653069,False,,933236f6ca4e3f0fa11a61cade0013692d8964946c01de4feff8db829ca287e2,fd6eff19cb04d72c5c2fcd4b5860810694ca250e10e8f387d58badac70ba8ae5
CASE-W016-000001,16,1229250,19305911,0,0,,True,True,True,False,19305911,1.0,-19305911,False,,933236f6ca4e3f0fa11a61cade0013692d8964946c01de4feff8db829ca287e2,b10b762fd50246a229ce0e2be096ddf2035ec21f1abd716044006fe4e9b25953
CASE-W016-000002,16,1654921,26519147,0,0,,True,True,True,False,26519147,1.0,-26519147,False,,933236f6ca4e3f0fa11a61cade0013692d8964946c01de4feff8db829ca287e2,48588b0cd5de3016749833291b6933584933d7ae274e660687876521461c4314
CASE-W016-000003,16,2291905,37526443,0,0,,True,True,True,False,37526443,1.0,-37526443,False,,933236f6ca4e3f0fa11a61cade0013692d8964946c01de4feff8db829ca287e2,f46f21db7c82775fb5258955a62318b6f95489d0cf2409818bbb682b91e4519c
CASE-W016-000004,16,3319862,55671377,0,0,,True,True,True,False,55671377,1.0,-55671377,False,,933236f6ca4e3f0fa11a61cade0013692d8964946c01de4feff8db829ca287e2,ef89bc09eafba3ddaeed11e94ca0996749db946180d8b142aba4e97efd6d1ede
CASE-W016-000005,16,5791488,100553239,0,0,,True,True,True,False,100553239,1.0,-100553239,False,,933236f6ca4e3f0fa11a61cade0013692d8964946c01de4feff8db829ca287e2,943449ebf38463762b8321e6f06e6b0ebe00ef9a8eb87c8f5c37c789bd244bfd
CASE-W016-000006,16,7121690,125215723,0,0,,True,True,True,False,125215723,1.0,-125215723,False,,933236f6ca4e3f0fa11a61cade0013692d8964946c01de4feff8db829ca287e2,667de5aaa3b80e27aa1a60d4537a03cad62ee17207dc9fb8c23ae20d6e128fd7
CASE-W016-000007,16,7254407,127690721,0,0,,True,True,True,False,127690721,1.0,-127690721,False,,933236f6ca4e3f0fa11a61cade0013692d8964946c01de4feff8db829ca287e2,20221469aadbd56128bf3c6ed01e6e6896c56ba900a1762db63858f09f2b2744
CASE-W016-000008,16,7346319,129403583,0,0,,True,True,True,False,129403583,1.0,-129403583,False,,933236f6ca4e3f0fa11a61cade0013692d8964946c01de4feff8db829ca287e2,14c0d1326845d7505eb2cd2d97168314a4a405e85ec831cc956747a378254a53
CASE-W016-000009,16,8421488,149568493,0,0,,True,True,True,False,149568493,1.0,-149568493,False,,933236f6ca4e3f0fa11a61cade0013692d8964946c01de4feff8db829ca287e2,478473e10725485f544611592db1bcd800d210049d527ac9186783cbd57efc10
CASE-W016-000010,16,8571728,152404171,0,0,,True,True,True,False,152404171,1.0,-152404171,False,,933236f6ca4e3f0fa11a61cade0013692d8964946c01de4feff8db829ca287e2,b83ab79a52fc35f8802374c7d223309216a7b3b1f16c83239935ed37ce4d92ef
CASE-W016-000011,16,13004340,236969801,0,0,,True,True,True,False,236969801,1.0,-236969801,False,,933236f6ca4e3f0fa11a61cade0013692d8964946c01de4feff8db829ca287e2,eb532647602a111ed6c34f39caac2e83fd75203203611c06fb9023f2e11a4eb5
CASE-W016-000012,16,13048196,237814991,0,0,,True,True,True,False,237814991,1.0,-237814991,False,,933236f6ca4e3f0fa11a61cade0013692d8964946c01de4feff8db829ca287e2,02056a0c7357ae249084199eb247181c4469e853ff00a9876840b40c33abd3bf
CASE-W016-000013,16,13548022,247462871,0,0,,True,True,True,False,247462871,1.0,-247462871,False,,933236f6ca4e3f0fa11a61cade0013692d8964946c01de4feff8db829ca287e2,b39a340d3031c88944fec737094c4a3baec3b0e71d7f40db67889c0fbb083d05
CASE-W016-000014,16,13559767,247690057,0,0,,True,True,True,False,247690057,1.0,-247690057,False,,933236f6ca4e3f0fa11a61cade0013692d8964946c01de4feff8db829ca287e2,569b5b221886c75c092d16e99fbe5ed3603e0167aa61e13c4a5466f8d1831403
CASE-W016-000015,16,14133090,258782257,0,0,,True,True,True,False,258782257,1.0,-258782257,False,,933236f6ca4e3f0fa11a61cade0013692d8964946c01de4feff8db829ca287e2,478fa16df38337807e278c773b9bf89e6ac5d27df08a61d59168f743435e33ed
CASE-W016-000016,16,14239307,260840831,0,0,,True,True,True,False,260840831,1.0,-260840831,False,,933236f6ca4e3f0fa11a61cade0013692d8964946c01de4feff8db829ca287e2,b2b412ff69390c465d7133a3750050937726125ecbdbc513e618443d6bca7641
CASE-W016-000017,16,15034665,276279071,0,0,,True,True,True,False,276279071,1.0,-276279071,False,,933236f6ca4e3f0fa11a61cade0013692d8964946c01de4feff8db829ca287e2,b135fa637a99af64c4b7fa3242ea2adfba3347676aabd438e85f9a50ca128788
CASE-W016-000018,16,16830616,311295197,0,0,,True,True,True,False,311295197,1.0,-311295197,False,,933236f6ca4e3f0fa11a61cade0013692d8964946c01de4feff8db829ca287e2,0d2ed37053bc4b16fcef2635031ca7040d51d356d9ad56f87b701ed05378bdf2
CASE-W016-000019,16,18340505,340898923,0,0,,True,True,True,False,340898923,1.0,-340898923,False,,933236f6ca4e3f0fa11a61cade0013692d8964946c01de4feff8db829ca287e2,1f57516a3f8fef6ecd72d038fabdde2c23a21e60682b3f21c15529d0b44f0da6
CASE-W016-000020,16,19648242,366640991,0,0,,True,True,True,False,366640991,1.0,-366640991,False,,933236f6ca4e3f0fa11a61cade0013692d8964946c01de4feff8db829ca287e2,f5884af086d92e1cd63ee4e6ae45cbec204620c853a707df28d0f4ca19dd7489
CASE-W016-000021,16,22737240,427797637,0,0,,True,True,True,False,427797637,1.0,-427797637,False,,933236f6ca4e3f0fa11a61cade0013692d8964946c01de4feff8db829ca287e2,7049bf5046e3026f83096650d4c0fcad4e7512428e5ea23a5d3c1c65c444d3bd
CASE-W016-000022,16,22883733,430710587,0,0,,True,True,True,False,430710587,1.0,-430710587,False,,933236f6ca4e3f0fa11a61cade0013692d8964946c01de4feff8db829ca287e2,09c5fbe09e65b3d6956058a62ae9789a957894d9e040cc754af9ff5d0be89ae5
CASE-W016-000023,16,24850778,469901701,0,0,,True,True,True,False,469901701,1.0,-469901701,False,,933236f6ca4e3f0fa11a61cade0013692d8964946c01de4feff8db829ca287e2,ad72cf26b6bb2e09fd8539e554fc4ab168a00a98964b1f78888a30c5a135f82b
CASE-W016-000024,16,24985973,472600847,0,0,,True,True,True,False,472600847,1.0,-472600847,False,,933236f6ca4e3f0fa11a61cade0013692d8964946c01de4feff8db829ca287e2,a3a889b7dcd62e451fa2e506a0d5f921f66c21aa5abefabcad83b1db5a62c7f2
CASE-W016-000025,16,25346996,479810767,0,0,,True,True,True,False,479810767,1.0,-479810767,False,,933236f6ca4e3f0fa11a61cade0013692d8964946c01de4feff8db829ca287e2,2349d49f0c5da116103258eacd1089e344bd037a783a127e0b5736de5f2f8dc9
CASE-W016-000026,16,26647006,505845749,0,0,,True,True,True,False,505845749,1.0,-505845749,False,,933236f6ca4e3f0fa11a61cade0013692d8964946c01de4feff8db829ca287e2,dbcdaaafbd70f9da63c24a196dccb448a2f68cbf5e063fd4aaa8026cf63ada5f
CASE-W016-000027,16,31903050,611692787,0,0,,True,True,True,False,611692787,1.0,-611692787,False,,933236f6ca4e3f0fa11a61cade0013692d8964946c01de4feff8db829ca287e2,33f8eec3485590348a6382001035e8d1376ef6b5d9796b89bc267181649989d8
CASE-W016-000028,16,31925614,612150251,0,0,,True,True,True,False,612150251,1.0,-612150251,False,,933236f6ca4e3f0fa11a61cade0013692d8964946c01de4feff8db829ca287e2,0cd9b8c49b659c4d040e0c66b766fc09f4c60b097cedc798be7745d6b52f3a47
CASE-W016-000029,16,33802646,650186491,0,0,,True,True,True,False,650186491,1.0,-650186491,False,,933236f6ca4e3f0fa11a61cade0013692d8964946c01de4feff8db829ca287e2,5f30420ae6a4adabe7d5bc1d7398a70da725a290e4e2fb3002c40e5583a1cb24
CASE-W016-000030,16,33897656,652113821,0,0,,True,True,True,False,652113821,1.0,-652113821,False,,933236f6ca4e3f0fa11a61cade0013692d8964946c01de4feff8db829ca287e2,f4e9086e9e5e9032a192c4d5b810bae9300ca96e7a8679169554669a7b856f6d
CASE-W016-000031,16,36068118,696230957,0,0,,True,True,True,False,696230957,1.0,-696230957,False,,933236f6ca4e3f0fa11a61cade0013692d8964946c01de4feff8db829ca287e2,98cdb9a086bf2fb84e81b09482ed890b0232405081588ab38c118e27de5ff154
CASE-W016-000032,16,37847852,732524489,0,0,,True,True,True,False,732524489,1.0,-732524489,False,,933236f6ca4e3f0fa11a61cade0013692d8964946c01de4feff8db829ca287e2,6f23e383b08ee0bb024cad6eb1a5d746380f079baf2c047a504533f91021e399
CASE-W016-000033,16,38349121,742754917,0,0,,True,True,True,False,742754917,1.0,-742754917,False,,933236f6ca4e3f0fa11a61cade0013692d8964946c01de4feff8db829ca287e2,b3c744bcda2259c3c92afd2e1e0f8f174cc8a80df413740f2ed8dbc4bf46b651
CASE-W016-000034,16,39050743,757102757,0,0,,True,True,True,False,757102757,1.0,-757102757,False,,933236f6ca4e3f0fa11a61cade0013692d8964946c01de4feff8db829ca287e2,94ec6cfb75bd1a1abe2193c342e86bdf7630426c2fc7d10575ef4845f6ac2fb2
CASE-W016-000035,16,39391029,764066773,0,0,,True,True,True,False,764066773,1.0,-764066773,False,,933236f6ca4e3f0fa11a61cade0013692d8964946c01de4feff8db829ca287e2,6580cbe76915e6742f03c6ca73b1bf373fc83641a2ae60332432f4644b1e36eb
CASE-W016-000036,16,40311515,782905873,0,0,,True,True,True,False,782905873,1.0,-782905873,False,,933236f6ca4e3f0fa11a61cade0013692d8964946c01de4feff8db829ca287e2,adbb5fb9a0767922bd171639b65a2aa659b379f7d79f729dd27322ed9d211bf0
CASE-W016-000037,16,40480836,786367927,0,0,,True,True,True,False,786367927,1.0,-786367927,False,,933236f6ca4e3f0fa11a61cade0013692d8964946c01de4feff8db829ca287e2,3c770470d4fde84ee14fbe78e1c49d8a4d31307ba1c43314166bb15175837497
CASE-W016-000038,16,41237984,801878383,0,0,,True,True,True,False,801878383,1.0,-801878383,False,,933236f6ca4e3f0fa11a61cade0013692d8964946c01de4feff8db829ca287e2,5841de498a5d4dfb8d29a787f322b42849ad14e5e0e5148bbabacc8b03a73567
CASE-W016-000039,16,42350815,824710079,0,0,,True,True,True,False,824710079,1.0,-824710079,False,,933236f6ca4e3f0fa11a61cade0013692d8964946c01de4feff8db829ca287e2,4b5f502f642017c13e5c33441ee93aad7b6500f021aa8e8ab98a3c2a7f7e3767
CASE-W016-000040,16,44387354,866577319,0,0,,True,True,True,False,866577319,1.0,-866577319,False,,933236f6ca4e3f0fa11a61cade0013692d8964946c01de4feff8db829ca287e2,db4f9f91ef3906145b2d3d997a29a8bab5ffea4946dfc2184fd9c4e59e76dceb
CASE-W016-000041,16,44462624,868120663,0,0,,True,True,True,False,868120663,1.0,-868120663,False,,933236f6ca4e3f0fa11a61cade0013692d8964946c01de4feff8db829ca287e2,65a3f533962eff35ad8a6f551d24dd1bf23f1b6222c8187186629cb59ca7832d
CASE-W016-000042,16,44780298,874661341,0,0,,True,True,True,False,874661341,1.0,-874661341,False,,933236f6ca4e3f0fa11a61cade0013692d8964946c01de4feff8db829ca287e2,413d7a8e9dc393a7921bcfbbd17d1a878fc0d54c3b59cb446b09cc8a868c949d
CASE-W016-000043,16,44801564,875098097,0,0,,True,True,True,False,875098097,1.0,-875098097,False,,933236f6ca4e3f0fa11a61cade0013692d8964946c01de4feff8db829ca287e2,4eaf4577de0d471f89f82e50bf8ea3b9a003aaa7157975d14f7020ee80497b0d
CASE-W016-000044,16,45406299,887565491,0,0,,True,True,True,False,887565491,1.0,-887565491,False,,933236f6ca4e3f0fa11a61cade0013692d8964946c01de4feff8db829ca287e2,07ddf7b8a09cb54412a2f946e47289de91515b856a92f2fafd59c1cfeb1955c9
CASE-W016-000045,16,46899156,918345959,0,0,,True,True,True,False,918345959,1.0,-918345959,False,,933236f6ca4e3f0fa11a61cade0013692d8964946c01de4feff8db829ca287e2,e4bec99cc33dc72f1b9e7309f6d1725a08b64b683e4e31db7fa234e975700f7d
CASE-W016-000046,16,47459295,929914201,0,0,,True,True,True,False,929914201,1.0,-929914201,False,,933236f6ca4e3f0fa11a61cade0013692d8964946c01de4feff8db829ca287e2,fea0a30d210e5af0eca23b8d0432ff3c7490f5e2a6fb4090fbd1b56f8be4061b
CASE-W016-000047,16,48071652,942565157,0,0,,True,True,True,False,942565157,1.0,-942565157,False,,933236f6ca4e3f0fa11a61cade0013692d8964946c01de4feff8db829ca287e2,e8f1cc4f3636fd0fd06667f4de3cbc6d2224c73d17b826916b65fafe475b57db
CASE-W016-000048,16,48464892,950693353,0,0,,True,True,True,False,950693353,1.0,-950693353,False,,933236f6ca4e3f0fa11a61cade0013692d8964946c01de4feff8db829ca287e2,3e92c068d5bd54bd762945da45d65e8171058588809f3639ce2b57d0981c9255
CASE-W016-000049,16,49964334,981712591,0,0,,True,True,True,False,981712591,1.0,-981712591,False,,933236f6ca4e3f0fa11a61cade0013692d8964946c01de4feff8db829ca287e2,679f7da57b40bfdf89e96f518b3f77982fde76c70498ebec83a8f139cedacda9
CASE-W016-000050,16,50303549,988733947,0,0,,True,True,True,False,988733947,1.0,-988733947,False,,933236f6ca4e3f0fa11a61cade0013692d8964946c01de4feff8db829ca287e2,8d42524695ec3407196d75fb65b42746e603a741fe952a517ce342ea19bb87ed
CASE-W016-000051,16,51327317,1009944427,0,0,,True,True,True,False,1009944427,1.0,-1009944427,False,,933236f6ca4e3f0fa11a61cade0013692d8964946c01de4feff8db829ca287e2,7e5d881ca9ac04a33355b86ba7ee0860ebb318cc4e823ae72e90cc6df08ca408
CASE-W016-000052,16,52225138,1028564611,0,0,,True,True,True,False,1028564611,1.0,-1028564611,False,,933236f6ca4e3f0fa11a61cade0013692d8964946c01de4feff8db829ca287e2,fa88d319a8f05c5a4e5845f6f37ef0b82bac4aef95918c34d2b49001a60cc3f3
CASE-W016-000053,16,52895985,1042485149,0,0,,True,True,True,False,1042485149,1.0,-1042485149,False,,933236f6ca4e3f0fa11a61cade0013692d8964946c01de4feff8db829ca287e2,b532e7ff61b8d199903f4c846ed17ea80d5abe58267c5387b1f3a30e4c720401
CASE-W016-000054,16,53678829,1058758343,0,0,,True,True,True,False,1058758343,1.0,-1058758343,False,,933236f6ca4e3f0fa11a61cade0013692d8964946c01de4feff8db829ca287e2,c82227918d5c415e2f02cd4d3bef5da25b85684c6734aa0eba602463abb26853
CASE-W016-000055,16,54442719,1074628813,0,0,,True,True,True,False,1074628813,1.0,-1074628813,False,,933236f6ca4e3f0fa11a61cade0013692d8964946c01de4feff8db829ca287e2,87e9a34cb404ffa1ef7dc130ec8a6184ab20409d9b4192a614e0a022b18ab335
CASE-W016-000056,16,55317652,1092827093,0,0,,True,True,True,False,1092827093,1.0,-1092827093,False,,933236f6ca4e3f0fa11a61cade0013692d8964946c01de4feff8db829ca287e2,1a270fe3ec769aa28aa9ab5bc9ac133ca6ccc1f79018cf8fd52054f9ae2bbc30
CASE-W016-000057,16,55768934,1102221317,0,0,,True,True,True,False,1102221317,1.0,-1102221317,False,,933236f6ca4e3f0fa11a61cade0013692d8964946c01de4feff8db829ca287e2,f131a6b8d4f6091027d8277e6cda3d185e271f684ce8e594874c510c40c5818f
CASE-W016-000058,16,55801078,1102886621,0,0,,True,True,True,False,1102886621,1.0,-1102886621,False,,933236f6ca4e3f0fa11a61cade0013692d8964946c01de4feff8db829ca287e2,c9b57cd28f23fa474eb861a0c971b1a4c57d70d1766dcde6c0f7c43b21a8086a
CASE-W016-000059,16,55872063,1104361493,0,0,,True,True,True,False,1104361493,1.0,-1104361493,False,,933236f6ca4e3f0fa11a61cade0013692d8964946c01de4feff8db829ca287e2,3421ae8333eeb3db60f4ed29725c25dedd45160fe35867f0fb70dcb74c0e8514
CASE-W016-000060,16,59131273,1172339813,0,0,,True,True,True,False,1172339813,1.0,-1172339813,False,,933236f6ca4e3f0fa11a61cade0013692d8964946c01de4feff8db829ca287e2,71a9f9bbb6064446db4cbc0cc32dc04793748479c9bb670c52ed0d7351cc5a99
CASE-W016-000061,16,59211300,1174010569,0,0,,True,True,True,False,1174010569,1.0,-1174010569,False,,933236f6ca4e3f0fa11a61cade0013692d8964946c01de4feff8db829ca287e2,79a0b2bf4839e63caa135b08063a50ff1e1a7f17b31c33d9d3de1a3c6240a13f
CASE-W016-000062,16,61804277,1228240877,0,0,,True,True,True,False,1228240877,1.0,-1228240877,False,,933236f6ca4e3f0fa11a61cade0013692d8964946c01de4feff8db829ca287e2,2bf740d79516a84c4ab45d6959c3bc67863b7d9287b6c0806280be20eafd9905
CASE-W016-000063,16,62628175,1245493427,0,0,,True,True,True,False,1245493427,1.0,-1245493427,False,,933236f6ca4e3f0fa11a61cade0013692d8964946c01de4feff8db829ca287e2,c5c2b77513a10701e3c29d24a0f168e3f61987a5a0577ce4f9fada742986367a
CASE-W016-000064,16,63052761,1254375533,0,0,,True,True,True,False,1254375533,1.0,-1254375533,False,,933236f6ca4e3f0fa11a61cade0013692d8964946c01de4feff8db829ca287e2,ce9ea5addbc863b200d364e39be1d96c648051d4e7eb1f5fc1d4a870990a085b
CASE-W016-000065,16,63245107,1258413239,0,0,,True,True,True,False,1258413239,1.0,-1258413239,False,,933236f6ca4e3f0fa11a61cade0013692d8964946c01de4feff8db829ca287e2,2001388944d0d9a733dc7eb365b6bae1c010620a50c468352712eca908718f70
CASE-W016-000066,16,63567881,1265174419,0,0,,True,True,True,False,1265174419,1.0,-1265174419,False,,933236f6ca4e3f0fa11a61cade0013692d8964946c01de4feff8db829ca287e2,ca23a1bf675f52182a042a9d74beddccffe546c210b02bd45c0da332d2f4dadc
CASE-W016-000067,16,64312643,1280778899,0,0,,True,True,True,False,1280778899,1.0,-1280778899,False,,933236f6ca4e3f0fa11a61cade0013692d8964946c01de4feff8db829ca287e2,ac9518d7cc12e22bb390c05f1c3246ffe3776985d2247bb1f6b100fb11cac042
CASE-W016-000068,16,64630835,1287452329,0,0,,True,True,True,False,1287452329,1.0,-1287452329,False,,933236f6ca4e3f0fa11a61cade0013692d8964946c01de4feff8db829ca287e2,d9fdfa080286a5365f6892a8e87d65f143816825da0bc264dea31f9dd7fe97a2
CASE-W016-000069,16,67372184,1345016713,0,0,,True,True,True,False,1345016713,1.0,-1345016713,False,,933236f6ca4e3f0fa11a61cade0013692d8964946c01de4feff8db829ca287e2,561041ad08cc435126ad0ae1333a1322d3d08f44c69b5ac719f35c703b766b2c
CASE-W016-000070,16,68247272,1363408031,0,0,,True,True,True,False,1363408031,1.0,-1363408031,False,,933236f6ca4e3f0fa11a61cade0013692d8964946c01de4feff8db829ca287e2,2fa637cb3ae99188e2d7a42c73b674d72aa1b75fb07eb5972bd3a2444388ed8e
CASE-W016-000071,16,69251752,1384554257,0,0,,True,True,True,False,1384554257,1.0,-1384554257,False,,933236f6ca4e3f0fa11a61cade0013692d8964946c01de4feff8db829ca287e2,24456c02d7c24644683e83617e77dcf5875620e87c1501bfba1f62ed59648d91
CASE-W016-000072,16,69338441,1386376217,0,0,,True,True,True,False,1386376217,1.0,-1386376217,False,,933236f6ca4e3f0fa11a61cade0013692d8964946c01de4feff8db829ca287e2,c1126bd09a97ea150c2d21019582d22ea6b33e0d00ef967fbcec79e250c77207
CASE-W016-000073,16,69735101,1394728163,0,0,,True,True,True,False,1394728163,1.0,-1394728163,False,,933236f6ca4e3f0fa11a61cade0013692d8964946c01de4feff8db829ca287e2,1216d04f0f5bdc5e7fe0c93617b7aa757c00efc676b67e5fe04088baa0d33ba5
CASE-W016-000074,16,69894512,1398085349,0,0,,True,True,True,False,1398085349,1.0,-1398085349,False,,933236f6ca4e3f0fa11a61cade0013692d8964946c01de4feff8db829ca287e2,6e27f062b4fb52f2b25fcff605628733184d181b2671425d5dc6b0c1a148e4c0
CASE-W016-000075,16,71209480,1425793249,0,0,,True,True,True,False,1425793249,1.0,-1425793249,False,,933236f6ca4e3f0fa11a61cade0013692d8964946c01de4feff8db829ca287e2,163d9abcd82d88af83f7e16591a8d8fdd0c8d308413d01ff620d29ce42a57572
CASE-W016-000076,16,71331232,1428363193,0,0,,True,True,True,False,1428363193,1.0,-1428363193,False,,933236f6ca4e3f0fa11a61cade0013692d8964946c01de4feff8db829ca287e2,a8eee9a1024050aefba037015046136a525792bf26827bbf927271d5336ec676
CASE-W016-000077,16,75908441,1524985823,0,0,,True,True,True,False,1524985823,1.0,-1524985823,False,,933236f6ca4e3f0fa11a61cade0013692d8964946c01de4feff8db829ca287e2,0df96b76e5ba7004f6847689cdcd38b671c7634596ad953df5ddc83c0aa16429
CASE-W016-000078,16,76166002,1530422711,0,0,,True,True,True,False,1530422711,1.0,-1530422711,False,,933236f6ca4e3f0fa11a61cade0013692d8964946c01de4feff8db829ca287e2,0151e03091b7de5290932b096534dd735c70fdfd703d4867758938eae5bcb3ac
CASE-W016-000079,16,76898070,1545918281,0,0,,True,True,True,False,1545918281,1.0,-1545918281,False,,933236f6ca4e3f0fa11a61cade0013692d8964946c01de4feff8db829ca287e2,67c46c33a12938e9bb00a2a7ebe86b93ef2d8e390fe8e476e11f936200cc7513
CASE-W016-000080,16,78515609,1580163229,0,0,,True,True,True,False,1580163229,1.0,-1580163229,False,,933236f6ca4e3f0fa11a61cade0013692d8964946c01de4feff8db829ca287e2,c65930f8f7c1921c41ee686f7d72b4953382e810afa3df9f75bc77b403f6881c
CASE-W016-000081,16,78745206,1585025293,0,0,,True,True,True,False,1585025293,1.0,-1585025293,False,,933236f6ca4e3f0fa11a61cade0013692d8964946c01de4feff8db829ca287e2,ebece92182e27007fd20b76396caa6906bf01b384c56bdf8bf803d91939c16de
CASE-W016-000082,16,79100489,1592550329,0,0,,True,True,True,False,1592550329,1.0,-1592550329,False,,933236f6ca4e3f0fa11a61cade0013692d8964946c01de4feff8db829ca287e2,9d7596701dc140c0628e61977c96c93c8eef79d4db4c2cc94fa93d31b9d82f2b
CASE-W016-000083,16,79368312,1598228969,0,0,,True,True,True,False,1598228969,1.0,-1598228969,False,,933236f6ca4e3f0fa11a61cade0013692d8964946c01de4feff8db829ca287e2,e55af79eebcb600d3894791743ff631302cfb5f21b6bbc48794dcb963b54fd22
CASE-W016-000084,16,86676456,1753456153,0,0,,True,True,True,False,1753456153,1.0,-1753456153,False,,933236f6ca4e3f0fa11a61cade0013692d8964946c01de4feff8db829ca287e2,253a746a1dfbe79eb2a769bedc608a401ed6f8f1fd576ff86d51e8d1931b4cab
CASE-W016-000085,16,86990207,1760131507,0,0,,True,True,True,False,1760131507,1.0,-1760131507,False,,933236f6ca4e3f0fa11a61cade0013692d8964946c01de4feff8db829ca287e2,725cc9da8a3a174f3dd1857436dc5ef44df65afed809eed2ba31043652ba3471
CASE-W016-000086,16,87297912,1766683361,0,0,,True,True,True,False,1766683361,1.0,-1766683361,False,,933236f6ca4e3f0fa11a61cade0013692d8964946c01de4feff8db829ca287e2,27ed3a6129d9698a9864145921d3369942d3801d49d705728747a00ff57d7cd5
CASE-W016-000087,16,87326018,1767284357,0,0,,True,True,True,False,1767284357,1.0,-1767284357,False,,933236f6ca4e3f0fa11a61cade0013692d8964946c01de4feff8db829ca287e2,bea0b6f4a9d7903480db7a7dd02440ec7dc221249eec49b5406efc27a7220b9d
CASE-W016-000088,16,89762522,1819197187,0,0,,True,True,True,False,1819197187,1.0,-1819197187,False,,933236f6ca4e3f0fa11a61cade0013692d8964946c01de4feff8db829ca287e2,59cf15eedcd2a97ff39a76599633b35a70a971267247abbf592b511db6c7b5b1
CASE-W016-000089,16,91027201,1846172201,0,0,,True,True,True,False,1846172201,1.0,-1846172201,False,,933236f6ca4e3f0fa11a61cade0013692d8964946c01de4feff8db829ca287e2,4756d27945a0b28d9f67d8b20f826b26f6b5623962fd6544d5f9de9d9ea8de71
CASE-W016-000090,16,91171529,1849254721,0,0,,True,True,True,False,1849254721,1.0,-1849254721,False,,933236f6ca4e3f0fa11a61cade0013692d8964946c01de4feff8db829ca287e2,41160c120c4db6e99d231ddfb6d054d1d0f277aa9d0ad574f38d15c7d3ee9fff
CASE-W016-000091,16,91937235,1865601781,0,0,,True,True,True,False,1865601781,1.0,-1865601781,False,,933236f6ca4e3f0fa11a61cade0013692d8964946c01de4feff8db829ca287e2,7cf3beda37e83036df8266a079225104e5134b796dcf5131c83f33cc47f101e8
CASE-W016-000092,16,92101978,1869122797,0,0,,True,True,True,False,1869122797,1.0,-1869122797,False,,933236f6ca4e3f0fa11a61cade0013692d8964946c01de4feff8db829ca287e2,128d3ba9f70395a9d7f020a3b2ba0b101c5c83624da4a74b9357985f912b21e5
CASE-W016-000093,16,92734111,1882625399,0,0,,True,True,True,False,1882625399,1.0,-1882625399,False,,933236f6ca4e3f0fa11a61cade0013692d8964946c01de4feff8db829ca287e2,547eea1ce8f91044ae118f7546b2598c4f61275f3b9ab448aa79259caaea410a
CASE-W016-000094,16,93288225,1894456367,0,0,,True,True,True,False,1894456367,1.0,-1894456367,False,,933236f6ca4e3f0fa11a61cade0013692d8964946c01de4feff8db829ca287e2,9fd95e37e2ce759d980c8827b46e860d7eccbaa3c85fb6d412da58d08a1c911d
CASE-W016-000095,16,93458975,1898102201,0,0,,True,True,True,False,1898102201,1.0,-1898102201,False,,933236f6ca4e3f0fa11a61cade0013692d8964946c01de4feff8db829ca287e2,ee2e18a9f36acc2087dfa8a88ba606403d448fb75483e4bd9604e85027bc31c8
CASE-W016-000096,16,93647040,1902121769,0,0,,True,True,True,False,1902121769,1.0,-1902121769,False,,933236f6ca4e3f0fa11a61cade0013692d8964946c01de4feff8db829ca287e2,354e445f163987838accb9d1c02c26fa8a511f5585eb51d67221577131b11b40
CASE-W016-000097,16,94966966,1930340749,0,0,,True,True,True,False,1930340749,1.0,-1930340749,False,,933236f6ca4e3f0fa11a61cade0013692d8964946c01de4feff8db829ca287e2,ae55a8ebcb272ff8ed880655f14b03812dce33b4f8109f364ddef3a65ec656b8
CASE-W016-000098,16,96455644,1962177241,0,0,,True,True,True,False,1962177241,1.0,-1962177241,False,,933236f6ca4e3f0fa11a61cade0013692d8964946c01de4feff8db829ca287e2,dea489e63d1ad497c61e835042ecfb55c2d650fa91dc45754026d71b61c45249
CASE-W016-000099,16,97797466,1990896559,0,0,,True,True,True,False,1990896559,1.0,-1990896559,False,,933236f6ca4e3f0fa11a61cade0013692d8964946c01de4feff8db829ca287e2,9569a45ee83a94a6d1625957e910b498536934e477200bd1f4dd5e3d9fb5b141
CASE-W016-000100,16,98691864,2010042971,0,0,,True,True,True,False,2010042971,1.0,-2010042971,False,,933236f6ca4e3f0fa11a61cade0013692d8964946c01de4feff8db829ca287e2,c49b569b0d933056e00fbdf000659dd16b819cf71d5df37ef6f757cd682138b1
CASE-W032-000001,32,3436121,57745013,0,0,,True,True,True,False,57745013,1.0,-57745013,False,,933236f6ca4e3f0fa11a61cade0013692d8964946c01de4feff8db829ca287e2,161cbd22aca3d3d93ea4fdfb26c123d7338c8a3fcb79385d8a34885e2006d6e0
CASE-W032-000002,32,3606169,60788267,0,0,,True,True,True,False,60788267,1.0,-60788267,False,,933236f6ca4e3f0fa11a61cade0013692d8964946c01de4feff8db829ca287e2,f93cef9c4a3ac663f63d4d12a91c1efa445d8e675c52e33549d7e5000ae05683
CASE-W032-000003,32,4399024,75085841,0,0,,True,True,True,False,75085841,1.0,-75085841,False,,933236f6ca4e3f0fa11a61cade0013692d8964946c01de4feff8db829ca287e2,1afbb1bbd0ba90050fe839617208007875342f8fd58f7f894a24cfdb86dcf356
CASE-W032-000004,32,5778293,100309393,0,0,,True,True,True,False,100309393,1.0,-100309393,False,,933236f6ca4e3f0fa11a61cade0013692d8964946c01de4feff8db829ca287e2,94518671b86da9966fe0cf625713a867b7cfacd7ed0aae148fce685bb685e904
CASE-W032-000005,32,6509256,113820823,0,0,,True,True,True,False,113820823,1.0,-113820823,False,,933236f6ca4e3f0fa11a61cade0013692d8964946c01de4feff8db829ca287e2,24651fdf8e65a26f3aaab81278ab6be0d0da7c71c3277fce252fae4958262e3d
CASE-W032-000006,32,7455963,131452907,0,0,,True,True,True,False,131452907,1.0,-131452907,False,,933236f6ca4e3f0fa11a61cade0013692d8964946c01de4feff8db829ca287e2,8bab1da04a22ba05fe48692a32ae2052eb65a1e28abf814a60362197879cd0c3
CASE-W032-000007,32,8052602,142635923,0,0,,True,True,True,False,142635923,1.0,-142635923,False,,933236f6ca4e3f0fa11a61cade0013692d8964946c01de4feff8db829ca287e2,4f198a3878fb8ea7cf98304a38701c4e6c93311c71b04fa78cd813e5a13baf15
CASE-W032-000008,32,10247779,184143499,0,0,,True,True,True,False,184143499,1.0,-184143499,False,,933236f6ca4e3f0fa11a61cade0013692d8964946c01de4feff8db829ca287e2,c8b68310fa4cecf4759fc3580819310549dbd68037a2edb5b3f4baf17e2936ff
CASE-W032-000009,32,10330841,185720543,0,0,,True,True,True,False,185720543,1.0,-185720543,False,,933236f6ca4e3f0fa11a61cade0013692d8964946c01de4feff8db829ca287e2,ef04dc1037f9dbef208443d4a58924a795f01b040e40773815f40a669d47b744
CASE-W032-000010,32,10379355,186643871,0,0,,True,True,True,False,186643871,1.0,-186643871,False,,933236f6ca4e3f0fa11a61cade0013692d8964946c01de4feff8db829ca287e2,36fcce4510052ecc9e0ae34fbc87a0ed9124de4939562b3b9e12998ad9e7610e
CASE-W032-000011,32,11868387,215117179,0,0,,True,True,True,False,215117179,1.0,-215117179,False,,933236f6ca4e3f0fa11a61cade0013692d8964946c01de4feff8db829ca287e2,e16b5409edfe81775ceaa97a6b6a1c06c59d6ad06b747ec780b0dce4cf8cafcc
CASE-W032-000012,32,11919439,216096031,0,0,,True,True,True,False,216096031,1.0,-216096031,False,,933236f6ca4e3f0fa11a61cade0013692d8964946c01de4feff8db829ca287e2,b90dac3c73fbb6a40794d694e3dde32b9ea799a03ee18b271804a931e1c515f4
CASE-W032-000013,32,12946440,235856143,0,0,,True,True,True,False,235856143,1.0,-235856143,False,,933236f6ca4e3f0fa11a61cade0013692d8964946c01de4feff8db829ca287e2,087b1c58e3634253915399b82f3214a254b009782d70c9b552d14e7304bdcafd
CASE-W032-000014,32,13884986,253978721,0,0,,True,True,True,False,253978721,1.0,-253978721,False,,933236f6ca4e3f0fa11a61cade0013692d8964946c01de4feff8db829ca287e2,9a0af40fa673c2a3749d73400bae65c216fc3a187f7a3e1070c7f8f2142190f9
CASE-W032-000015,32,14614648,268120687,0,0,,True,True,True,False,268120687,1.0,-268120687,False,,933236f6ca4e3f0fa11a61cade0013692d8964946c01de4feff8db829ca287e2,111e2b0ee7741f326653dfb3bc348102bf9c636c16d90d2a25bd41172bb8caf5
CASE-W032-000016,32,14742430,270602669,0,0,,True,True,True,False,270602669,1.0,-270602669,False,,933236f6ca4e3f0fa11a61cade0013692d8964946c01de4feff8db829ca287e2,b668be416df98f7adeeb990ed7bb6a370f1a6939832182cbfb5c05c2b7a6fd78
CASE-W032-000017,32,15255250,280566191,0,0,,True,True,True,False,280566191,1.0,-280566191,False,,933236f6ca4e3f0fa11a61cade0013692d8964946c01de4feff8db829ca287e2,0d20dfc8c1f42d59e599469bb8d1ceff140d7bf020390a49049f5d160155d64a
CASE-W032-000018,32,15721589,289649567,0,0,,True,True,True,False,289649567,1.0,-289649567,False,,933236f6ca4e3f0fa11a61cade0013692d8964946c01de4feff8db829ca287e2,0346c1fc6e51eb996dd87b0bab7fb05a2e84c146cd1968ac52e5660d9e792f27
CASE-W032-000019,32,16603244,306852181,0,0,,True,True,True,False,306852181,1.0,-306852181,False,,933236f6ca4e3f0fa11a61cade0013692d8964946c01de4feff8db829ca287e2,00c1f3367df4f1d0da88b060080f73c5a84bd451dc61e144a68b56c94fb30c85
CASE-W032-000020,32,16963656,313896269,0,0,,True,True,True,False,313896269,1.0,-313896269,False,,933236f6ca4e3f0fa11a61cade0013692d8964946c01de4feff8db829ca287e2,669a7247a80c14d076524dd1b25a3be15e004eb3bafd3291d470fd03ec2c132a
CASE-W032-000021,32,16974654,314110691,0,0,,True,True,True,False,314110691,1.0,-314110691,False,,933236f6ca4e3f0fa11a61cade0013692d8964946c01de4feff8db829ca287e2,4577f345926d0be8ea50a80e990aba465f33c32bf43ca2bf29b4c0085640d121
CASE-W032-000022,32,17096969,316505747,0,0,,True,True,True,False,316505747,1.0,-316505747,False,,933236f6ca4e3f0fa11a61cade0013692d8964946c01de4feff8db829ca287e2,0dec005f34ec9d41b0179f19288a1063aadeb1398bdae913daaa8e0e6df1fb69
CASE-W032-000023,32,17752593,329358143,0,0,,True,True,True,False,329358143,1.0,-329358143,False,,933236f6ca4e3f0fa11a61cade0013692d8964946c01de4feff8db829ca287e2,53f113b778cfbc41da75623a30aa6cfdd3c878ca67846b5d878a3e7ccbab54c4
CASE-W032-000024,32,18829042,350502553,0,0,,True,True,True,False,350502553,1.0,-350502553,False,,933236f6ca4e3f0fa11a61cade0013692d8964946c01de4feff8db829ca287e2,9f6414836cb658a261cd19a8d12f4138d52b7e5e123f2edd7d6db8274a4ca7d4
CASE-W032-000025,32,21209471,397491491,0,0,,True,True,True,False,397491491,1.0,-397491491,False,,933236f6ca4e3f0fa11a61cade0013692d8964946c01de4feff8db829ca287e2,0ff2414cec885fbae941a1a1350327337f621c5bf6f87af5ae6ece9cc5361c09
CASE-W032-000026,32,22359893,420306743,0,0,,True,True,True,False,420306743,1.0,-420306743,False,,933236f6ca4e3f0fa11a61cade0013692d8964946c01de4feff8db829ca287e2,2a22c0bba9b15e0c9b037e6ddd4d4c7b19d77bdbe98ca744f07d79c14f2f8eb4
CASE-W032-000027,32,22598711,425043917,0,0,,True,True,True,False,425043917,1.0,-425043917,False,,933236f6ca4e3f0fa11a61cade0013692d8964946c01de4feff8db829ca287e2,7c4c2083577978f23ee2ebf78b16373510705a73880e76d28fc933155b3a65e4
CASE-W032-000028,32,22954482,432118333,0,0,,True,True,True,False,432118333,1.0,-432118333,False,,933236f6ca4e3f0fa11a61cade0013692d8964946c01de4feff8db829ca287e2,5b904de9c7b81544f2638900a39c866c8dfc56ff6b83ac3ceb41e6ac745b6131
CASE-W032-000029,32,23241034,437819017,0,0,,True,True,True,False,437819017,1.0,-437819017,False,,933236f6ca4e3f0fa11a61cade0013692d8964946c01de4feff8db829ca287e2,29b927509d5f21d91ca35d099048a19f1e05297a7e38813e00eb98c7b96f6a39
CASE-W032-000030,32,24665487,466201327,0,0,,True,True,True,False,466201327,1.0,-466201327,False,,933236f6ca4e3f0fa11a61cade0013692d8964946c01de4feff8db829ca287e2,bab9a4f71c25450ff23726a7376203d5f2d1b67c3706ce084c7a0e0136553c80
CASE-W032-000031,32,27900391,530999177,0,0,,True,True,True,False,530999177,1.0,-530999177,False,,933236f6ca4e3f0fa11a61cade0013692d8964946c01de4feff8db829ca287e2,5cb4a58b6197c7403b044185d73de838a0f65282e592998df873b90712b99e2f
CASE-W032-000032,32,28084816,534706103,0,0,,True,True,True,False,534706103,1.0,-534706103,False,,933236f6ca4e3f0fa11a61cade0013692d8964946c01de4feff8db829ca287e2,cebe6804e53476f889b7194df3e9e42046f28eda929b5429093ee84a1c4f5559
CASE-W032-000033,32,28857962,550252093,0,0,,True,True,True,False,550252093,1.0,-550252093,False,,933236f6ca4e3f0fa11a61cade0013692d8964946c01de4feff8db829ca287e2,1cabf9d203a77f93b74874344270c1708c4734b141b99fe6bb982af529f7c915
CASE-W032-000034,32,29285968,558866383,0,0,,True,True,True,False,558866383,1.0,-558866383,False,,933236f6ca4e3f0fa11a61cade0013692d8964946c01de4feff8db829ca287e2,cc8d43035aaa65bb16a8588ad91977138f344ce4621b655892fe94d6effcf751
CASE-W032-000035,32,29494984,563076971,0,0,,True,True,True,False,563076971,1.0,-563076971,False,,933236f6ca4e3f0fa11a61cade0013692d8964946c01de4feff8db829ca287e2,26d970aa5c62f0df1586632f9c81f02c8f782ea8cefc76d72e8a63b900c183c9
CASE-W032-000036,32,30089642,575067973,0,0,,True,True,True,False,575067973,1.0,-575067973,False,,933236f6ca4e3f0fa11a61cade0013692d8964946c01de4feff8db829ca287e2,3cc282a6819d2c914f10aba5310c6f6e8b2dfae9db902ee1416e6886659585fd
CASE-W032-000037,32,31733828,608265247,0,0,,True,True,True,False,608265247,1.0,-608265247,False,,933236f6ca4e3f0fa11a61cade0013692d8964946c01de4feff8db829ca287e2,dd76f08e422a18c8eaa63e84858ab513f5c7d1b73a48778adb8f3d8b7894e9d6
CASE-W032-000038,32,32598690,625777703,0,0,,True,True,True,False,625777703,1.0,-625777703,False,,933236f6ca4e3f0fa11a61cade0013692d8964946c01de4feff8db829ca287e2,6c2360449284e241de7271f45d93e0c98c3430c2cbae458fd7a893dd2b4ea3bf
CASE-W032-000039,32,35436610,683395033,0,0,,True,True,True,False,683395033,1.0,-683395033,False,,933236f6ca4e3f0fa11a61cade0013692d8964946c01de4feff8db829ca287e2,31fda5dae0fdead2bb7ddd4b33200ec6edea8e6831525bf2177858e94edcaeb0
CASE-W032-000040,32,35670262,688140931,0,0,,True,True,True,False,688140931,1.0,-688140931,False,,933236f6ca4e3f0fa11a61cade0013692d8964946c01de4feff8db829ca287e2,3719a65552bdb8183712e74ee2f7006f33dbe331f2562f701b8992268afb34f7
CASE-W032-000041,32,41011064,797227877,0,0,,True,True,True,False,797227877,1.0,-797227877,False,,933236f6ca4e3f0fa11a61cade0013692d8964946c01de4feff8db829ca287e2,071d8c8fb423520deb63363089c1753b30f1604dbcab3e3ca09d48596ed40494
CASE-W032-000042,32,41066777,798364579,0,0,,True,True,True,False,798364579,1.0,-798364579,False,,933236f6ca4e3f0fa11a61cade0013692d8964946c01de4feff8db829ca287e2,19ddc0e543cd7ca955c5939e6516b5410f0d662633e2274b107e27a875a71816
CASE-W032-000043,32,42086176,819274663,0,0,,True,True,True,False,819274663,1.0,-819274663,False,,933236f6ca4e3f0fa11a61cade0013692d8964946c01de4feff8db829ca287e2,423db904ba5b873116e5b24b9f46ab64de58817a866386594936f6841b1d67ed
CASE-W032-000044,32,43169938,841535221,0,0,,True,True,True,False,841535221,1.0,-841535221,False,,933236f6ca4e3f0fa11a61cade0013692d8964946c01de4feff8db829ca287e2,f5aed932702d6b0adb7f9f1e146ef9e814fd627ac594e3eda408d6e653bfb936
CASE-W032-000045,32,43702585,852483893,0,0,,True,True,True,False,852483893,1.0,-852483893,False,,933236f6ca4e3f0fa11a61cade0013692d8964946c01de4feff8db829ca287e2,89e2f20263d6c46e446cfbf3eacc3dcc5a1970c8b6304563fb2adf31e3fd5311
CASE-W032-000046,32,43904592,856636201,0,0,,True,True,True,False,856636201,1.0,-856636201,False,,933236f6ca4e3f0fa11a61cade0013692d8964946c01de4feff8db829ca287e2,af95a1dac9ad681e3c4ede9cf97b59ff4a6f6ae31066a5e4572c71d3e0689c46
CASE-W032-000047,32,44443106,867719371,0,0,,True,True,True,False,867719371,1.0,-867719371,False,,933236f6ca4e3f0fa11a61cade0013692d8964946c01de4feff8db829ca287e2,243276fdb61fae52d6314e899a1ff3069e7c57da34eb7627dc020d830d233f4e
CASE-W032-000048,32,44593180,870807661,0,0,,True,True,True,False,870807661,1.0,-870807661,False,,933236f6ca4e3f0fa11a61cade0013692d8964946c01de4feff8db829ca287e2,9197b72c63e178398b324981d3a9929d3858838cd5a3c8d41a9b22ceb84bba99
CASE-W032-000049,32,47187629,924297611,0,0,,True,True,True,False,924297611,1.0,-924297611,False,,933236f6ca4e3f0fa11a61cade0013692d8964946c01de4feff8db829ca287e2,d47b0c8114bc4a86b593e51e8fd378eb79fd977f73e03540984f9fe557d14a74
CASE-W032-000050,32,48347023,948253373,0,0,,True,True,True,False,948253373,1.0,-948253373,False,,933236f6ca4e3f0fa11a61cade0013692d8964946c01de4feff8db829ca287e2,528522ca8797f74a607de8af4ae511e2b4b50f0afc6ebe3d28dcc98147231534
CASE-W032-000051,32,48469229,950783417,0,0,,True,True,True,False,950783417,1.0,-950783417,False,,933236f6ca4e3f0fa11a61cade0013692d8964946c01de4feff8db829ca287e2,784637fc6701d288a6b021e3b5273b182a545e95fde41d82432899afac836346
CASE-W032-000052,32,49068936,963173647,0,0,,True,True,True,False,963173647,1.0,-963173647,False,,933236f6ca4e3f0fa11a61cade0013692d8964946c01de4feff8db829ca287e2,9f6363001da91e2ac1f968c4d8b56d31af9d3acb7d1fd48e929cdb0a3bba26bc
CASE-W032-000053,32,49687104,975972871,0,0,,True,True,True,False,975972871,1.0,-975972871,False,,933236f6ca4e3f0fa11a61cade0013692d8964946c01de4feff8db829ca287e2,d478ce0e8c0f5be274099e89cb3a77cede9cc77c62e3362ea4fee8d30f187e3d
CASE-W032-000054,32,50003951,982533709,0,0,,True,True,True,False,982533709,1.0,-982533709,False,,933236f6ca4e3f0fa11a61cade0013692d8964946c01de4feff8db829ca287e2,1933f2ea0ea761711924d0b9d5761bda55f942467e95de119bdd2ffaa8e88706
CASE-W032-000055,32,52771213,1039896427,0,0,,True,True,True,False,1039896427,1.0,-1039896427,False,,933236f6ca4e3f0fa11a61cade0013692d8964946c01de4feff8db829ca287e2,4442ddb96127b2aae8bdc3041503d53275473acb67201a45d0436550b3a64fab
CASE-W032-000056,32,55191446,1090200977,0,0,,True,True,True,False,1090200977,1.0,-1090200977,False,,933236f6ca4e3f0fa11a61cade0013692d8964946c01de4feff8db829ca287e2,8d3a6f0c6b1e123b547b15caad0be0fceb1f818edeb67a3ce0523ee2d114e2a1
CASE-W032-000057,32,55410223,1094752363,0,0,,True,True,True,False,1094752363,1.0,-1094752363,False,,933236f6ca4e3f0fa11a61cade0013692d8964946c01de4feff8db829ca287e2,230262166b11adcd4119e3d6a1bcc86fe152f85bcb2b6fd6fd0992d32819433a
CASE-W032-000058,32,55878977,1104504587,0,0,,True,True,True,False,1104504587,1.0,-1104504587,False,,933236f6ca4e3f0fa11a61cade0013692d8964946c01de4feff8db829ca287e2,a7850c32f7d6b4b1fde5e98f30b59e7a558e57e8bb763c9106e4350d75cd022a
CASE-W032-000059,32,57629314,1141000879,0,0,,True,True,True,False,1141000879,1.0,-1141000879,False,,933236f6ca4e3f0fa11a61cade0013692d8964946c01de4feff8db829ca287e2,29b934ce48f98e738c28cffdb52474b216d3ddeae8c14343cfba3d58e5dc3abf
CASE-W032-000060,32,58114876,1151138953,0,0,,True,True,True,False,1151138953,1.0,-1151138953,False,,933236f6ca4e3f0fa11a61cade0013692d8964946c01de4feff8db829ca287e2,4c30e35132fc1b46aabf28d2ef2a53688b87c699d15d6a72c15deeccbd502d71
CASE-W032-000061,32,58195176,1152809527,0,0,,True,True,True,False,1152809527,1.0,-1152809527,False,,933236f6ca4e3f0fa11a61cade0013692d8964946c01de4feff8db829ca287e2,2fd5d2a8323897f2857aab52f6035711883795d31a3d36790e8d73b7205cb9f7
CASE-W032-000062,32,60647572,1204041569,0,0,,True,True,True,False,1204041569,1.0,-1204041569,False,,933236f6ca4e3f0fa11a61cade0013692d8964946c01de4feff8db829ca287e2,3439542e2eedb666a14b6dd672c74507185d99d43fa0cff1a3a304bffb32c8b3
CASE-W032-000063,32,60675534,1204625801,0,0,,True,True,True,False,1204625801,1.0,-1204625801,False,,933236f6ca4e3f0fa11a61cade0013692d8964946c01de4feff8db829ca287e2,81b33f1e460f4947041c93c275757836e6e6f828584377ad0f13bb4e02969a89
CASE-W032-000064,32,61527828,1222444577,0,0,,True,True,True,False,1222444577,1.0,-1222444577,False,,933236f6ca4e3f0fa11a61cade0013692d8964946c01de4feff8db829ca287e2,b3ba0b4fcbbe7be9e6576848be26dfd124e461772956ab432a80b0675938236d
CASE-W032-000065,32,62191789,1236349669,0,0,,True,True,True,False,1236349669,1.0,-1236349669,False,,933236f6ca4e3f0fa11a61cade0013692d8964946c01de4feff8db829ca287e2,68693b4ef55d1d35f5fc42717a606e52032f220f8fd000d946255b8a03434568
CASE-W032-000066,32,62677893,1246530133,0,0,,True,True,True,False,1246530133,1.0,-1246530133,False,,933236f6ca4e3f0fa11a61cade0013692d8964946c01de4feff8db829ca287e2,927f2024f3263f2771e2055d9eba19f993e4067023aa90364dbd157fb8d8940b
CASE-W032-000067,32,63188580,1257226801,0,0,,True,True,True,False,1257226801,1.0,-1257226801,False,,933236f6ca4e3f0fa11a61cade0013692d8964946c01de4feff8db829ca287e2,8907f1c94c26ea6742651bcd4f902afe3736d62426512ce1023640431206128e
CASE-W032-000068,32,63710328,1268153767,0,0,,True,True,True,False,1268153767,1.0,-1268153767,False,,933236f6ca4e3f0fa11a61cade0013692d8964946c01de4feff8db829ca287e2,6319d2b160d3c7e74865e6732d01ed5583b805213deab67fa3f40f548dc2fdd7
CASE-W032-000069,32,64410180,1282828247,0,0,,True,True,True,False,1282828247,1.0,-1282828247,False,,933236f6ca4e3f0fa11a61cade0013692d8964946c01de4feff8db829ca287e2,7825b4e8d338d7bdd6d36e223a4dd0cbf4e82988a67fe416d10cbfbb70f10f02
CASE-W032-000070,32,64485438,1284405649,0,0,,True,True,True,False,1284405649,1.0,-1284405649,False,,933236f6ca4e3f0fa11a61cade0013692d8964946c01de4feff8db829ca287e2,3313ed7c8c492c21f81eb8c6b014cbeb95313389152847051c792ba1d6505cad
CASE-W032-000071,32,65339195,1302322933,0,0,,True,True,True,False,1302322933,1.0,-1302322933,False,,933236f6ca4e3f0fa11a61cade0013692d8964946c01de4feff8db829ca287e2,16e4be2b7bdcb4777079f64188d29050126ce56a2a24da1d78971a6d71af94ed
CASE-W032-000072,32,67127923,1339886657,0,0,,True,True,True,False,1339886657,1.0,-1339886657,False,,933236f6ca4e3f0fa11a61cade0013692d8964946c01de4feff8db829ca287e2,567ba2a3d0984e0ba4ee5da1d3cc6a2b9d1cd9c5b0406b77db0ed693cc3a8538
CASE-W032-000073,32,68039595,1359039403,0,0,,True,True,True,False,1359039403,1.0,-1359039403,False,,933236f6ca4e3f0fa11a61cade0013692d8964946c01de4feff8db829ca287e2,6f9644c05e66539ed30d840f33939d6c166303b89258502c208d743746942bae
CASE-W032-000074,32,68623247,1371316157,0,0,,True,True,True,False,1371316157,1.0,-1371316157,False,,933236f6ca4e3f0fa11a61cade0013692d8964946c01de4feff8db829ca287e2,eb66f39ff3d4992e70b5e835693ca3b64b4614ba80a0345b1a825f949a1ac1a1
CASE-W032-000075,32,72502467,1453063637,0,0,,True,True,True,False,1453063637,1.0,-1453063637,False,,933236f6ca4e3f0fa11a61cade0013692d8964946c01de4feff8db829ca287e2,5d72774c70cee4ec23d4e6d690d422083422ccac70979187118874d8166da608
CASE-W032-000076,32,73250585,1468849931,0,0,,True,True,True,False,1468849931,1.0,-1468849931,False,,933236f6ca4e3f0fa11a61cade0013692d8964946c01de4feff8db829ca287e2,b33b603b1b4a4acc431ecdbba16a07a5196abe9c7564ccf0dfa4cba64d94ddd7
CASE-W032-000077,32,74095217,1486676819,0,0,,True,True,True,False,1486676819,1.0,-1486676819,False,,933236f6ca4e3f0fa11a61cade0013692d8964946c01de4feff8db829ca287e2,efb3e12e3e7ae3d806444762f5d45876d472e142285ae29871aeb054ec5bbb5a
CASE-W032-000078,32,74349982,1492051081,0,0,,True,True,True,False,1492051081,1.0,-1492051081,False,,933236f6ca4e3f0fa11a61cade0013692d8964946c01de4feff8db829ca287e2,70191fb663d051f208270692d56e4e080357163e2d6253b7e2f0bd518ac61afc
CASE-W032-000079,32,75064130,1507133609,0,0,,True,True,True,False,1507133609,1.0,-1507133609,False,,933236f6ca4e3f0fa11a61cade0013692d8964946c01de4feff8db829ca287e2,1267cf0209889de656b81b286804dd06a295d9a23d2d9e068a5d20ad0851e0a5
CASE-W032-000080,32,75340881,1512988619,0,0,,True,True,True,False,1512988619,1.0,-1512988619,False,,933236f6ca4e3f0fa11a61cade0013692d8964946c01de4feff8db829ca287e2,9eb16613c6705421236f3fbd3899d47fec8b0669b73014ac0e827ca04bd807a5
CASE-W032-000081,32,77175599,1551785021,0,0,,True,True,True,False,1551785021,1.0,-1551785021,False,,933236f6ca4e3f0fa11a61cade0013692d8964946c01de4feff8db829ca287e2,c11d0ce71c1bb8541830e59718e93603221d1ae57ee742267f06d20dff7a425c
CASE-W032-000082,32,77531588,1559320127,0,0,,True,True,True,False,1559320127,1.0,-1559320127,False,,933236f6ca4e3f0fa11a61cade0013692d8964946c01de4feff8db829ca287e2,9b09d0e1dee098fb82776497bcd9122ee91285bc7b3fa1d170de2fc6b476dbc1
CASE-W032-000083,32,77548392,1559675717,0,0,,True,True,True,False,1559675717,1.0,-1559675717,False,,933236f6ca4e3f0fa11a61cade0013692d8964946c01de4feff8db829ca287e2,4d7135cc3b93c31d262de3d3810617de880a1edd8cde4f3904f427fef930ec1c
CASE-W032-000084,32,78744840,1585017529,0,0,,True,True,True,False,1585017529,1.0,-1585017529,False,,933236f6ca4e3f0fa11a61cade0013692d8964946c01de4feff8db829ca287e2,ba7e99463a5d41766ffe0c3e8d9d3b4f53829a409299e596ccd69b00eed97ea2
CASE-W032-000085,32,81250616,1638137087,0,0,,True,True,True,False,1638137087,1.0,-1638137087,False,,933236f6ca4e3f0fa11a61cade0013692d8964946c01de4feff8db829ca287e2,86add481a2614e05f6908a046294e23e62d7289adb882a2929a933037751757d
CASE-W032-000086,32,81701237,1647707063,0,0,,True,True,True,False,1647707063,1.0,-1647707063,False,,933236f6ca4e3f0fa11a61cade0013692d8964946c01de4feff8db829ca287e2,f93019099abeadfc52f879c630e1e1866933eb9272c8e0032d0a2a5f1279c2f9
CASE-W032-000087,32,81770559,1649176811,0,0,,True,True,True,False,1649176811,1.0,-1649176811,False,,933236f6ca4e3f0fa11a61cade0013692d8964946c01de4feff8db829ca287e2,a2f035d760de162f43f4a4b7782c58723c879ff0dda40980999699b27a2a39ce
CASE-W032-000088,32,81885316,1651614491,0,0,,True,True,True,False,1651614491,1.0,-1651614491,False,,933236f6ca4e3f0fa11a61cade0013692d8964946c01de4feff8db829ca287e2,8b28439e4053df016027b4570bcd249b9ae8ec88b427cb248750da2931735434
CASE-W032-000089,32,84014363,1696836511,0,0,,True,True,True,False,1696836511,1.0,-1696836511,False,,933236f6ca4e3f0fa11a61cade0013692d8964946c01de4feff8db829ca287e2,4876885ff390faee1f930e657aee7e33f0ab3ab78602d8d31e4567336cd7a270
CASE-W032-000090,32,84724782,1711931411,0,0,,True,True,True,False,1711931411,1.0,-1711931411,False,,933236f6ca4e3f0fa11a61cade0013692d8964946c01de4feff8db829ca287e2,e38ff12868df588871ff3c2b04cccf514b6b07eed9adf356633e274d68bc6e9c
CASE-W032-000091,32,85732376,1733364263,0,0,,True,True,True,False,1733364263,1.0,-1733364263,False,,933236f6ca4e3f0fa11a61cade0013692d8964946c01de4feff8db829ca287e2,f47d2302e946b6f58112f62c53ba60833f7deeeea895dc88115be6a5c8a265a8
CASE-W032-000092,32,86273507,1744881793,0,0,,True,True,True,False,1744881793,1.0,-1744881793,False,,933236f6ca4e3f0fa11a61cade0013692d8964946c01de4feff8db829ca287e2,ab19464c2a643714ffee90ff3d68175472fb309503bfedca5c1493a4a8f3ca4e
CASE-W032-000093,32,89011336,1803175483,0,0,,True,True,True,False,1803175483,1.0,-1803175483,False,,933236f6ca4e3f0fa11a61cade0013692d8964946c01de4feff8db829ca287e2,30927d6e34cb783616c220cb5119dcd6f026a94dd7414e915809434662e39dc8
CASE-W032-000094,32,89098671,1805038099,0,0,,True,True,True,False,1805038099,1.0,-1805038099,False,,933236f6ca4e3f0fa11a61cade0013692d8964946c01de4feff8db829ca287e2,9702f30db0dda956aa3c5899c04aae47c8b6a74b3d19656de6939622701b0e49
CASE-W032-000095,32,92178917,1870766221,0,0,,True,True,True,False,1870766221,1.0,-1870766221,False,,933236f6ca4e3f0fa11a61cade0013692d8964946c01de4feff8db829ca287e2,eb7956b009d105f3a0f8984e5d9830d48089b9f41d9e10114b61f43590b2b869
CASE-W032-000096,32,92646092,1880740573,0,0,,True,True,True,False,1880740573,1.0,-1880740573,False,,933236f6ca4e3f0fa11a61cade0013692d8964946c01de4feff8db829ca287e2,8a0cc85bce81d61b201577945678f01fa50c8bc1b37fdf3bfe8539a08040aace
CASE-W032-000097,32,96241495,1957595677,0,0,,True,True,True,False,1957595677,1.0,-1957595677,False,,933236f6ca4e3f0fa11a61cade0013692d8964946c01de4feff8db829ca287e2,904e1f1c14a95ad44967f51c97a54d8789c2b63e5006b689ee023096875e0225
CASE-W032-000098,32,96734200,1968144097,0,0,,True,True,True,False,1968144097,1.0,-1968144097,False,,933236f6ca4e3f0fa11a61cade0013692d8964946c01de4feff8db829ca287e2,09c96b4f7086950298ab2e18bb4b8e6b96e52c7f6d2d0fdac73f65bfe8e2ca25
CASE-W032-000099,32,98825036,2012896621,0,0,,True,True,True,False,2012896621,1.0,-2012896621,False,,933236f6ca4e3f0fa11a61cade0013692d8964946c01de4feff8db829ca287e2,7cf5bb7884a6d3e779c87cd2158b0901bb8173e447eca8f50067dae2aafa25e3
CASE-W032-000100,32,99177829,2020445527,0,0,,True,True,True,False,2020445527,1.0,-2020445527,False,,933236f6ca4e3f0fa11a61cade0013692d8964946c01de4feff8db829ca287e2,e5e47163a1a2d9ee32c26aa94899c0bc194184e4ce573fd23a14de10e0db7228
CASE-W064-000001,64,368345,5306647,0,0,,True,True,True,False,5306647,1.0,-5306647,False,,933236f6ca4e3f0fa11a61cade0013692d8964946c01de4feff8db829ca287e2,5c499d90f21be930d27f8df91d7b23da57ce8a09d2d382dc09a51adb9cb6b202
CASE-W064-000002,64,442263,6460691,0,0,,True,True,True,False,6460691,1.0,-6460691,False,,933236f6ca4e3f0fa11a61cade0013692d8964946c01de4feff8db829ca287e2,389b6e709865a42e730d58966facc3ac6f074c833846c723059cf02c9553cd39
CASE-W064-000003,64,1257723,19784389,0,0,,True,True,True,False,19784389,1.0,-19784389,False,,933236f6ca4e3f0fa11a61cade0013692d8964946c01de4feff8db829ca287e2,b684a56a0bddc86c3b1a05a4b24038d6d67089d51d19a988fdffeb83b64cfa48
CASE-W064-000004,64,1801862,29037457,0,0,,True,True,True,False,29037457,1.0,-29037457,False,,933236f6ca4e3f0fa11a61cade0013692d8964946c01de4feff8db829ca287e2,dc8eb98fb6387654d0f4e4b1ce731f5b7745d80b7855ce9bbfa5b66d4067f049
CASE-W064-000005,64,4640044,79465129,0,0,,True,True,True,False,79465129,1.0,-79465129,False,,933236f6ca4e3f0fa11a61cade0013692d8964946c01de4feff8db829ca287e2,7d9198af23a7ef5d97280f1513b7aa82b7bc88bad3f48340050733407e2ad44a
CASE-W064-000006,64,7706178,136140421,0,0,,True,True,True,False,136140421,1.0,-136140421,False,,933236f6ca4e3f0fa11a61cade0013692d8964946c01de4feff8db829ca287e2,50e6927449ccba38eee9e44bd95b548fc9494fc3a0dc5509cede48aa4dbfd883
CASE-W064-000007,64,7796318,137826719,0,0,,True,True,True,False,137826719,1.0,-137826719,False,,933236f6ca4e3f0fa11a61cade0013692d8964946c01de4feff8db829ca287e2,c3b9703277c899547598b01d2f81a85a753e56ba0890879624fd5a77746fd73a
CASE-W064-000008,64,9452286,169038587,0,0,,True,True,True,False,169038587,1.0,-169038587,False,,933236f6ca4e3f0fa11a61cade0013692d8964946c01de4feff8db829ca287e2,fe7b75ce1dd7828648f55dcdd1c09463f8beacf17aa04fdce8be42a97b678d7a
CASE-W064-000009,64,10408537,187199923,0,0,,True,True,True,False,187199923,1.0,-187199923,False,,933236f6ca4e3f0fa11a61cade0013692d8964946c01de4feff8db829ca287e2,7a392d26f6643ad3dfdc8e64c46f991356a688b8911142fe8106289a911bcbd2
CASE-W064-000010,64,10872933,196057993,0,0,,True,True,True,False,196057993,1.0,-196057993,False,,933236f6ca4e3f0fa11a61cade0013692d8964946c01de4feff8db829ca287e2,02c79e79e862dd92bdb8fbbe5637a333e82c030f7251bcc006d6f8ce7bf771d7
CASE-W064-000011,64,11458057,207251921,0,0,,True,True,True,False,207251921,1.0,-207251921,False,,933236f6ca4e3f0fa11a61cade0013692d8964946c01de4feff8db829ca287e2,1c3a36f0c2243c241d84a42f4736e1782571d8a090e4a5119304c94fb2408c7e
CASE-W064-000012,64,11660116,211124339,0,0,,True,True,True,False,211124339,1.0,-211124339,False,,933236f6ca4e3f0fa11a61cade0013692d8964946c01de4feff8db829ca287e2,540fe3e7bdbe785b3ec292cd982ccfbc2d513379c6f6864412a9160ac50f0e57
CASE-W064-000013,64,12455868,226406111,0,0,,True,True,True,False,226406111,1.0,-226406111,False,,933236f6ca4e3f0fa11a61cade0013692d8964946c01de4feff8db829ca287e2,ea9d1cb4d351c298aa2200664baf126999dfc7ac4098322b5a9e63a3244bad9f
CASE-W064-000014,64,12502051,227293559,0,0,,True,True,True,False,227293559,1.0,-227293559,False,,933236f6ca4e3f0fa11a61cade0013692d8964946c01de4feff8db829ca287e2,f158250d02cb169604a1486e6c04c981df715acb23f479c75dff7ceb851ec791
CASE-W064-000015,64,12958253,236083439,0,0,,True,True,True,False,236083439,1.0,-236083439,False,,933236f6ca4e3f0fa11a61cade0013692d8964946c01de4feff8db829ca287e2,981353d4c59c771f24abdc2199bf9cff861399d61baeb1e6a07a2edce279117c
CASE-W064-000016,64,14037702,256936931,0,0,,True,True,True,False,256936931,1.0,-256936931,False,,933236f6ca4e3f0fa11a61cade0013692d8964946c01de4feff8db829ca287e2,8134834afe2bf23fb9a6d509e7b90608c4b211fb928b7ed6ecaf0eaa13481cf1
CASE-W064-000017,64,15929826,293707441,0,0,,True,True,True,False,293707441,1.0,-293707441,False,,933236f6ca4e3f0fa11a61cade0013692d8964946c01de4feff8db829ca287e2,27ddd23c0e6dd2980b4a6958ad99f68a573bc58906701faeacc6a2f95c904be7
CASE-W064-000018,64,15937726,293861189,0,0,,True,True,True,False,293861189,1.0,-293861189,False,,933236f6ca4e3f0fa11a61cade0013692d8964946c01de4feff8db829ca287e2,5ca2a5d2553cebe5b16f32b0ac77f5468626162c0bcc6130aba22146ea2d0f66
CASE-W064-000019,64,16760711,309925489,0,0,,True,True,True,False,309925489,1.0,-309925489,False,,933236f6ca4e3f0fa11a61cade0013692d8964946c01de4feff8db829ca287e2,e1c6a15a93e07f6435898db56d3d496077de1c93fac82f6f7d7e65dc9a1087a5
CASE-W064-000020,64,17663956,327618113,0,0,,True,True,True,False,327618113,1.0,-327618113,False,,933236f6ca4e3f0fa11a61cade0013692d8964946c01de4feff8db829ca287e2,b3f0efec0fe5777b878b5ec512a596e5ab01e3602970cb2591464d5708d96fd7
CASE-W064-000021,64,18351363,341111557,0,0,,True,True,True,False,341111557,1.0,-341111557,False,,933236f6ca4e3f0fa11a61cade0013692d8964946c01de4feff8db829ca287e2,1dfc41258acc6dc6792526f9f67153f4e280ba57bf6a72c86514838194228885
CASE-W064-000022,64,20819238,389761297,0,0,,True,True,True,False,389761297,1.0,-389761297,False,,933236f6ca4e3f0fa11a61cade0013692d8964946c01de4feff8db829ca287e2,f9abce92bb57053741740cc9143909093e41c90adb894d182f09cad8c78abcd7
CASE-W064-000023,64,20830579,389986787,0,0,,True,True,True,False,389986787,1.0,-389986787,False,,933236f6ca4e3f0fa11a61cade0013692d8964946c01de4feff8db829ca287e2,a593a566b9d3b3eb8da08d184dce340ec962b07b7261ced000ae087d89e35531
CASE-W064-000024,64,21508701,403416161,0,0,,True,True,True,False,403416161,1.0,-403416161,False,,933236f6ca4e3f0fa11a61cade0013692d8964946c01de4feff8db829ca287e2,e3867c8eacf92e9c22688982cd9afec4738a6b066f6dd5f06d184b7ad4406c6a
CASE-W064-000025,64,21679515,406802573,0,0,,True,True,True,False,406802573,1.0,-406802573,False,,933236f6ca4e3f0fa11a61cade0013692d8964946c01de4feff8db829ca287e2,305284be6eb743986edf9e00e23c590c96552e22a8a9c3c1a91019e88210bdd8
CASE-W064-000026,64,22961700,432262801,0,0,,True,True,True,False,432262801,1.0,-432262801,False,,933236f6ca4e3f0fa11a61cade0013692d8964946c01de4feff8db829ca287e2,7cb30abacea6ce07310fd02fe483e2ed6089d499537b5a20411ad6923d3503e3
CASE-W064-000027,64,23094004,434892923,0,0,,True,True,True,False,434892923,1.0,-434892923,False,,933236f6ca4e3f0fa11a61cade0013692d8964946c01de4feff8db829ca287e2,4d46575770100d0e87eeea2c5e9ec2f7b1f80e1911dbf3c512503d371a1fc4de
CASE-W064-000028,64,24164342,456203837,0,0,,True,True,True,False,456203837,1.0,-456203837,False,,933236f6ca4e3f0fa11a61cade0013692d8964946c01de4feff8db829ca287e2,27b4f95f297780d54d30d308e302122474c2743078fce6ba419413f69627d5f2
CASE-W064-000029,64,25688467,486639991,0,0,,True,True,True,False,486639991,1.0,-486639991,False,,933236f6ca4e3f0fa11a61cade0013692d8964946c01de4feff8db829ca287e2,7f3e941cadfbce15bb6f0cc761e8fbccba228bd9621211574bbae635c390a2a4
CASE-W064-000030,64,29201141,557159137,0,0,,True,True,True,False,557159137,1.0,-557159137,False,,933236f6ca4e3f0fa11a61cade0013692d8964946c01de4feff8db829ca287e2,6d5e489d828711b6fd29993181409e63d10a8f0583c12eac104c38984708fd7f
CASE-W064-000031,64,30158542,576459193,0,0,,True,True,True,False,576459193,1.0,-576459193,False,,933236f6ca4e3f0fa11a61cade0013692d8964946c01de4feff8db829ca287e2,1545174aca9441c6b66c277f725ea0a0b0117aa46ef56999f2dce0a54739247d
CASE-W064-000032,64,30341417,580148081,0,0,,True,True,True,False,580148081,1.0,-580148081,False,,933236f6ca4e3f0fa11a61cade0013692d8964946c01de4feff8db829ca287e2,4edf0d0a64248f07c6a98aef06fe07a4f8d0bb4677da7f512db2a96ce630377c
CASE-W064-000033,64,31099059,595439231,0,0,,True,True,True,False,595439231,1.0,-595439231,False,,933236f6ca4e3f0fa11a61cade0013692d8964946c01de4feff8db829ca287e2,a92031e82aba2d40a6e353215c3d816ddca85b22e82e2ab4a93700659da18af0
CASE-W064-000034,64,32258465,618889597,0,0,,True,True,True,False,618889597,1.0,-618889597,False,,933236f6ca4e3f0fa11a61cade0013692d8964946c01de4feff8db829ca287e2,24fcf51ec03dbebcb067f50a04993cbb55bba21f7d6de0a1cf91ecf86556bb9a
CASE-W064-000035,64,32975613,633415589,0,0,,True,True,True,False,633415589,1.0,-633415589,False,,933236f6ca4e3f0fa11a61cade0013692d8964946c01de4feff8db829ca287e2,a321b522dda85d9406d5edc12fdb90668cc352da28a450941a0ff0791cf8fcdc
CASE-W064-000036,64,34390014,662106199,0,0,,True,True,True,False,662106199,1.0,-662106199,False,,933236f6ca4e3f0fa11a61cade0013692d8964946c01de4feff8db829ca287e2,00766c31ba29261f71f0e193f9560fc642d2ecebdbeea2b5386714b5a45d7b27
CASE-W064-000037,64,34757688,669580057,0,0,,True,True,True,False,669580057,1.0,-669580057,False,,933236f6ca4e3f0fa11a61cade0013692d8964946c01de4feff8db829ca287e2,0d8eb9e40dd10a7a4aab747cad99e60cfb4c1b41b2d0cfdef4dc9855b68b3bfe
CASE-W064-000038,64,35509629,684876949,0,0,,True,True,True,False,684876949,1.0,-684876949,False,,933236f6ca4e3f0fa11a61cade0013692d8964946c01de4feff8db829ca287e2,7bd9f1309d8c9c643f73ed9e86f51f708f8b30bdb4363dfc5d5316db02dd4bae
CASE-W064-000039,64,37121266,717700519,0,0,,True,True,True,False,717700519,1.0,-717700519,False,,933236f6ca4e3f0fa11a61cade0013692d8964946c01de4feff8db829ca287e2,e05342640262f8af0052f4843025e115a65de5d8531136404ef0299fbd94a497
CASE-W064-000040,64,37594530,727348903,0,0,,True,True,True,False,727348903,1.0,-727348903,False,,933236f6ca4e3f0fa11a61cade0013692d8964946c01de4feff8db829ca287e2,8ce258f41c1c298f9cd5f039865878d61a844eb2ed681cbaeeddf69e6879de32
CASE-W064-000041,64,37856561,732704143,0,0,,True,True,True,False,732704143,1.0,-732704143,False,,933236f6ca4e3f0fa11a61cade0013692d8964946c01de4feff8db829ca287e2,5e5abca44e8889609f7813dcf9a4c3ffb01fc84698c91bfe8b9b72185cd3753d
CASE-W064-000042,64,37932274,734249287,0,0,,True,True,True,False,734249287,1.0,-734249287,False,,933236f6ca4e3f0fa11a61cade0013692d8964946c01de4feff8db829ca287e2,6cb0757d15799870e388333706f7b109302c1d07e83040b602f4504dfe9caa5a
CASE-W064-000043,64,39944486,775388371,0,0,,True,True,True,False,775388371,1.0,-775388371,False,,933236f6ca4e3f0fa11a61cade0013692d8964946c01de4feff8db829ca287e2,82d4798c3d75ebbc1222549700bec19abaead9c356dd3a7b0cd2b3ccbfce2734
CASE-W064-000044,64,42913912,836272799,0,0,,True,True,True,False,836272799,1.0,-836272799,False,,933236f6ca4e3f0fa11a61cade0013692d8964946c01de4feff8db829ca287e2,7a1578ffb27bcb339011eac09d266e11b8801d5e043f5ada014fc6eff42c06bb
CASE-W064-000045,64,46215641,904255673,0,0,,True,True,True,False,904255673,1.0,-904255673,False,,933236f6ca4e3f0fa11a61cade0013692d8964946c01de4feff8db829ca287e2,50a75ea8e1f7dd48dc24a2deb6e687b0c935a1576388b6f4ce0393353eaf1d6a
CASE-W064-000046,64,46869241,917724331,0,0,,True,True,True,False,917724331,1.0,-917724331,False,,933236f6ca4e3f0fa11a61cade0013692d8964946c01de4feff8db829ca287e2,8b696845c1d48d8ab402d714a50308aa863ff499c1b7c3b8f61aa24e0e77457f
CASE-W064-000047,64,47772241,936370913,0,0,,True,True,True,False,936370913,1.0,-936370913,False,,933236f6ca4e3f0fa11a61cade0013692d8964946c01de4feff8db829ca287e2,96ed866bc57d18ab753aacdd83c23fef408dd3a8a6f0bb789a2277d9f3a1f660
CASE-W064-000048,64,49829991,978930943,0,0,,True,True,True,False,978930943,1.0,-978930943,False,,933236f6ca4e3f0fa11a61cade0013692d8964946c01de4feff8db829ca287e2,30ac34bd8110fc2bd77d7ceafb904b7df1e30f4e6dace9acb392986d0512e4e8
CASE-W064-000049,64,53471648,1054450057,0,0,,True,True,True,False,1054450057,1.0,-1054450057,False,,933236f6ca4e3f0fa11a61cade0013692d8964946c01de4feff8db829ca287e2,c2c216980c02446bcf7e2d4c59161355a7302e23f5ebaa3a29e95fedd9a94211
CASE-W064-000050,64,55811074,1103095493,0,0,,True,True,True,False,1103095493,1.0,-1103095493,False,,933236f6ca4e3f0fa11a61cade0013692d8964946c01de4feff8db829ca287e2,b4b0ba8d0f66ee3c1b7f7dfa9ef89cfac74ca4befc2e8140542ecd53cf67c31d
CASE-W064-000051,64,55862289,1104158131,0,0,,True,True,True,False,1104158131,1.0,-1104158131,False,,933236f6ca4e3f0fa11a61cade0013692d8964946c01de4feff8db829ca287e2,5862a3cc6f873c6a23e459712d9aa8ebfd809464ae5e8a858c3bc44d6c0e63e4
CASE-W064-000052,64,56103608,1109182043,0,0,,True,True,True,False,1109182043,1.0,-1109182043,False,,933236f6ca4e3f0fa11a61cade0013692d8964946c01de4feff8db829ca287e2,b4501f955156c0827c48baf0641ce8b51d22a2839d930753683866d2cae2f00a
CASE-W064-000053,64,57814849,1144881107,0,0,,True,True,True,False,1144881107,1.0,-1144881107,False,,933236f6ca4e3f0fa11a61cade0013692d8964946c01de4feff8db829ca287e2,7f6a0814bf4de24942fde75e4c24e9ed8de0d7cdb364908c7964c50e1a569116
CASE-W064-000054,64,57849833,1145612213,0,0,,True,True,True,False,1145612213,1.0,-1145612213,False,,933236f6ca4e3f0fa11a61cade0013692d8964946c01de4feff8db829ca287e2,7f6c83b4c5fd53f24e3607a76ef9f8be1a0ce49b97f1cc548b9576bc2e3e2567
CASE-W064-000055,64,58001865,1148778823,0,0,,True,True,True,False,1148778823,1.0,-1148778823,False,,933236f6ca4e3f0fa11a61cade0013692d8964946c01de4feff8db829ca287e2,f9dddd452c05d2d931060eccb1ceb5a48054d434db996eda06c56305219fb450
CASE-W064-000056,64,58028959,1149346109,0,0,,True,True,True,False,1149346109,1.0,-1149346109,False,,933236f6ca4e3f0fa11a61cade0013692d8964946c01de4feff8db829ca287e2,eab5398925108a213a3f0e26a85f633a5c3e6d8162a0d26911f42d3074c65cf9
CASE-W064-000057,64,58449119,1158104263,0,0,,True,True,True,False,1158104263,1.0,-1158104263,False,,933236f6ca4e3f0fa11a61cade0013692d8964946c01de4feff8db829ca287e2,68eedc1ebfce5e4a68c5a6679568c14bb5c86f9267dc481089ea6d43c26f272e
CASE-W064-000058,64,59015172,1169918383,0,0,,True,True,True,False,1169918383,1.0,-1169918383,False,,933236f6ca4e3f0fa11a61cade0013692d8964946c01de4feff8db829ca287e2,2605a28250ff08e81ae28a1ec3ebb67152d75dca7d7bd372d6c7d6b7910f1c53
CASE-W064-000059,64,60370754,1198244347,0,0,,True,True,True,False,1198244347,1.0,-1198244347,False,,933236f6ca4e3f0fa11a61cade0013692d8964946c01de4feff8db829ca287e2,f80e924f5f4373a8192ac00a326b5afbceafb894ab80b7c4637ba708cba8c1e1
CASE-W064-000060,64,61170859,1214979811,0,0,,True,True,True,False,1214979811,1.0,-1214979811,False,,933236f6ca4e3f0fa11a61cade0013692d8964946c01de4feff8db829ca287e2,1ed55e24464506ce4136d1310727522c783be90472292b956be84ecd585e8e1c
CASE-W064-000061,64,61739344,1226882263,0,0,,True,True,True,False,1226882263,1.0,-1226882263,False,,933236f6ca4e3f0fa11a61cade0013692d8964946c01de4feff8db829ca287e2,1128fba6baeca1fafe1eb7236a9bba88d4bd778fb9b28455d96deaa3c055461e
CASE-W064-000062,64,62926071,1251721943,0,0,,True,True,True,False,1251721943,1.0,-1251721943,False,,933236f6ca4e3f0fa11a61cade0013692d8964946c01de4feff8db829ca287e2,23e4c1f68beb14a841e7b9c301627f24f0290120ea4192ae107f6a3886eeab65
CASE-W064-000063,64,65117411,1297670861,0,0,,True,True,True,False,1297670861,1.0,-1297670861,False,,933236f6ca4e3f0fa11a61cade0013692d8964946c01de4feff8db829ca287e2,679d036b9da71f076309eb4f5ee1120a2aaab2dd6ac38ed6a43609f65f3528f3
CASE-W064-000064,64,65211113,1299636431,0,0,,True,True,True,False,1299636431,1.0,-1299636431,False,,933236f6ca4e3f0fa11a61cade0013692d8964946c01de4feff8db829ca287e2,fe8cb101ad49607f71cf5cb708ba372d2253abff8d511bbf20b964a50286f4f3
CASE-W064-000065,64,65995885,1316109631,0,0,,True,True,True,False,1316109631,1.0,-1316109631,False,,933236f6ca4e3f0fa11a61cade0013692d8964946c01de4feff8db829ca287e2,9f83161f3d62aad8665b2ef7af964998de97bd82b092fed4f4f5bef5933b7bf7
CASE-W064-000066,64,66293881,1322363291,0,0,,True,True,True,False,1322363291,1.0,-1322363291,False,,933236f6ca4e3f0fa11a61cade0013692d8964946c01de4feff8db829ca287e2,7b582104cd1cdf844266f235d9150ab73b5f6ac2b338a314154cd4f480c69f82
CASE-W064-000067,64,66353643,1323624191,0,0,,True,True,True,False,1323624191,1.0,-1323624191,False,,933236f6ca4e3f0fa11a61cade0013692d8964946c01de4feff8db829ca287e2,d988eb2127cb233f792b46bfe35d4011120b33a46ba3cdd240bee709dc161aa3
CASE-W064-000068,64,68511311,1368964789,0,0,,True,True,True,False,1368964789,1.0,-1368964789,False,,933236f6ca4e3f0fa11a61cade0013692d8964946c01de4feff8db829ca287e2,d86831f8e85bf789a6d1629a3aef32ddec1b3191fcf92985f6772644339983bb
CASE-W064-000069,64,68709947,1373142307,0,0,,True,True,True,False,1373142307,1.0,-1373142307,False,,933236f6ca4e3f0fa11a61cade0013692d8964946c01de4feff8db829ca287e2,0c54253ad7207712296c116eafc3f9be034cf50a2cfd941eaaaa3acf8eb5a5f8
CASE-W064-000070,64,70977652,1420905019,0,0,,True,True,True,False,1420905019,1.0,-1420905019,False,,933236f6ca4e3f0fa11a61cade0013692d8964946c01de4feff8db829ca287e2,ff2d78c278f9c09327ba36e5e269137664b0cdde518bf3c20a35df8012430b5d
CASE-W064-000071,64,74049942,1485722333,0,0,,True,True,True,False,1485722333,1.0,-1485722333,False,,933236f6ca4e3f0fa11a61cade0013692d8964946c01de4feff8db829ca287e2,0057f49fe5c8eae5c814e8563adf0457d76e3541f81afa8b0d077c502ce376b3
CASE-W064-000072,64,76567830,1538933089,0,0,,True,True,True,False,1538933089,1.0,-1538933089,False,,933236f6ca4e3f0fa11a61cade0013692d8964946c01de4feff8db829ca287e2,75f6684371eadec65bda61c0639d165e54b04658466b24cb075383b4bf0486ba
CASE-W064-000073,64,77570182,1560137543,0,0,,True,True,True,False,1560137543,1.0,-1560137543,False,,933236f6ca4e3f0fa11a61cade0013692d8964946c01de4feff8db829ca287e2,57ba48c05525421c05ba2d28acdf5ba08d40bbf6c351976e1a9853c629575b87
CASE-W064-000074,64,77614210,1561073233,0,0,,True,True,True,False,1561073233,1.0,-1561073233,False,,933236f6ca4e3f0fa11a61cade0013692d8964946c01de4feff8db829ca287e2,874fbb02ef222171cc268d018b560a3642ed681f0ddc5977d238cff7bb4fd4ad
CASE-W064-000075,64,77905166,1567239013,0,0,,True,True,True,False,1567239013,1.0,-1567239013,False,,933236f6ca4e3f0fa11a61cade0013692d8964946c01de4feff8db829ca287e2,cb3855f198923889a6ba099d35c979c5233621f029529fbcc5203b2bc3b74ac0
CASE-W064-000076,64,78629837,1582584721,0,0,,True,True,True,False,1582584721,1.0,-1582584721,False,,933236f6ca4e3f0fa11a61cade0013692d8964946c01de4feff8db829ca287e2,696a0fdf04b38e1660d251d181665ed7f77e5c99a1985e5d0944d48f10eee54f
CASE-W064-000077,64,78678394,1583607793,0,0,,True,True,True,False,1583607793,1.0,-1583607793,False,,933236f6ca4e3f0fa11a61cade0013692d8964946c01de4feff8db829ca287e2,fd1d5793027c1fdd6ba19567d4e97241a087c84116abd0d6e8a7509530d95819
CASE-W064-000078,64,78896108,1588222213,0,0,,True,True,True,False,1588222213,1.0,-1588222213,False,,933236f6ca4e3f0fa11a61cade0013692d8964946c01de4feff8db829ca287e2,5978f151b3f73636e6df7f1fda0c6d7f5335f6676fbbf19fcb3f384b4755466f
CASE-W064-000079,64,80065401,1613007619,0,0,,True,True,True,False,1613007619,1.0,-1613007619,False,,933236f6ca4e3f0fa11a61cade0013692d8964946c01de4feff8db829ca287e2,0f0a9feec111913c2b9d4eb8839a902808ecb4a60c2e24dd219a8644887d1f95
CASE-W064-000080,64,80906916,1630853377,0,0,,True,True,True,False,1630853377,1.0,-1630853377,False,,933236f6ca4e3f0fa11a61cade0013692d8964946c01de4feff8db829ca287e2,55ac407919e25af9bca669d44e4bf84a3305c1f9c28cb7973590fafdd6ee3338
CASE-W064-000081,64,81447972,1642324493,0,0,,True,True,True,False,1642324493,1.0,-1642324493,False,,933236f6ca4e3f0fa11a61cade0013692d8964946c01de4feff8db829ca287e2,dd1ee8e62edf962f80356a73297ebee6f8ec0ff263ed0ed1b40c7bf919e82a9f
CASE-W064-000082,64,82103728,1656259457,0,0,,True,True,True,False,1656259457,1.0,-1656259457,False,,933236f6ca4e3f0fa11a61cade0013692d8964946c01de4feff8db829ca287e2,4df8f3e1e08e062f7bca262290457ccf208f718fe9df5d991ad0718242bcf8af
CASE-W064-000083,64,82615718,1667128079,0,0,,True,True,True,False,1667128079,1.0,-1667128079,False,,933236f6ca4e3f0fa11a61cade0013692d8964946c01de4feff8db829ca287e2,b8ce6a8ffe19322d23d16f81feb2c8a64cd4f7bd452abb300116ba0af164f6c1
CASE-W064-000084,64,82617540,1667166521,0,0,,True,True,True,False,1667166521,1.0,-1667166521,False,,933236f6ca4e3f0fa11a61cade0013692d8964946c01de4feff8db829ca287e2,2ddfedf9ebf5997ae741a18e6e1dcb226466da39c83243883e8ddda80e681f9b
CASE-W064-000085,64,82827368,1671622811,0,0,,True,True,True,False,1671622811,1.0,-1671622811,False,,933236f6ca4e3f0fa11a61cade0013692d8964946c01de4feff8db829ca287e2,06fa77326c2ecf90b90d1bf56911e64649997ffebccf48c56d171ac74353647a
CASE-W064-000086,64,83234081,1680262807,0,0,,True,True,True,False,1680262807,1.0,-1680262807,False,,933236f6ca4e3f0fa11a61cade0013692d8964946c01de4feff8db829ca287e2,c41b3d272dca1f1d856ee5fdd3b4243722ccfb50245ab68f3a3f31d27800f3d3
CASE-W064-000087,64,84669508,1710755261,0,0,,True,True,True,False,1710755261,1.0,-1710755261,False,,933236f6ca4e3f0fa11a61cade0013692d8964946c01de4feff8db829ca287e2,1aef7f9a5130c7256faeb6545808a4b39ee0226391286ba546829ef4b68aca51
CASE-W064-000088,64,85068512,1719240293,0,0,,True,True,True,False,1719240293,1.0,-1719240293,False,,933236f6ca4e3f0fa11a61cade0013692d8964946c01de4feff8db829ca287e2,75caddb976bfb437bb1523b260843b109139c73b4d22a998208b205e4327dad6
CASE-W064-000089,64,85291929,1723987711,0,0,,True,True,True,False,1723987711,1.0,-1723987711,False,,933236f6ca4e3f0fa11a61cade0013692d8964946c01de4feff8db829ca287e2,d2baf14013355aa9796c5c970a8ca0e69c2d657361369adb69b9d6eea2c31973
CASE-W064-000090,64,88138573,1784591021,0,0,,True,True,True,False,1784591021,1.0,-1784591021,False,,933236f6ca4e3f0fa11a61cade0013692d8964946c01de4feff8db829ca287e2,807f10b149c88cadd2ff23f489a7d6878d6eefe4b3abcb2c5b13b92daf4a376f
CASE-W064-000091,64,88278114,1787561767,0,0,,True,True,True,False,1787561767,1.0,-1787561767,False,,933236f6ca4e3f0fa11a61cade0013692d8964946c01de4feff8db829ca287e2,b73531789c09ec4af10fb46814bb645bd741087d414d07ffb7c79ea553fe593a
CASE-W064-000092,64,95519177,1942150877,0,0,,True,True,True,False,1942150877,1.0,-1942150877,False,,933236f6ca4e3f0fa11a61cade0013692d8964946c01de4feff8db829ca287e2,4e0d3953f25587771a2b9e924dcc88d0dbfd91eebe552a582fddaa94ed4c0563
CASE-W064-000093,64,96538770,1963957253,0,0,,True,True,True,False,1963957253,1.0,-1963957253,False,,933236f6ca4e3f0fa11a61cade0013692d8964946c01de4feff8db829ca287e2,9bc65851fc0efbe4358239268f2a45f87840bb422c646d118ee34a9f60e6fc39
CASE-W064-000094,64,96710189,1967631877,0,0,,True,True,True,False,1967631877,1.0,-1967631877,False,,933236f6ca4e3f0fa11a61cade0013692d8964946c01de4feff8db829ca287e2,8a257c44f8fafa44c24c68a1321d8b7af991572d79ba5ba2814230fadac32054
CASE-W064-000095,64,96795345,1969451467,0,0,,True,True,True,False,1969451467,1.0,-1969451467,False,,933236f6ca4e3f0fa11a61cade0013692d8964946c01de4feff8db829ca287e2,d7dcf37278cc5538a2afc577280dfc8c5a9a37e44b0bc5805fa375da967dc592
CASE-W064-000096,64,96851696,1970661631,0,0,,True,True,True,False,1970661631,1.0,-1970661631,False,,933236f6ca4e3f0fa11a61cade0013692d8964946c01de4feff8db829ca287e2,5cee86a6d145d8681d216c23b0a6731ca9a143931d6204650371d66fb0ea176f
CASE-W064-000097,64,97332756,1980944741,0,0,,True,True,True,False,1980944741,1.0,-1980944741,False,,933236f6ca4e3f0fa11a61cade0013692d8964946c01de4feff8db829ca287e2,b1f1117638ade13bb786ee578754a146ff10ea2625236319b4ae7c4399d6a4fd
CASE-W064-000098,64,97893536,1992952523,0,0,,True,True,True,False,1992952523,1.0,-1992952523,False,,933236f6ca4e3f0fa11a61cade0013692d8964946c01de4feff8db829ca287e2,e037e4b8515deed2f266ff64d69d29cc64d937b434c6bf1e65b1006e7a545337
CASE-W064-000099,64,98709873,2010429943,0,0,,True,True,True,False,2010429943,1.0,-2010429943,False,,933236f6ca4e3f0fa11a61cade0013692d8964946c01de4feff8db829ca287e2,0e52441e3c2ec87f7fdeed7d45201f94b18af9360dfa74a65cfc81c4670f9aff
CASE-W064-000100,64,99042449,2017544083,0,0,,True,True,True,False,2017544083,1.0,-2017544083,False,,933236f6ca4e3f0fa11a61cade0013692d8964946c01de4feff8db829ca287e2,020bab533032d20e091b9b05802cc77dd1e5421edc78ed480917e488cfc56331
